-- MySQL dump 10.13  Distrib 8.0.42, for Win64 (x86_64)
--
-- Host: localhost    Database: dil_egitim_uygulamasi
-- ------------------------------------------------------
-- Server version	8.0.42

/*!40101 SET @OLD_CHARACTER_SET_CLIENT=@@CHARACTER_SET_CLIENT */;
/*!40101 SET @OLD_CHARACTER_SET_RESULTS=@@CHARACTER_SET_RESULTS */;
/*!40101 SET @OLD_COLLATION_CONNECTION=@@COLLATION_CONNECTION */;
/*!50503 SET NAMES utf8mb4 */;
/*!40103 SET @OLD_TIME_ZONE=@@TIME_ZONE */;
/*!40103 SET TIME_ZONE='+00:00' */;
/*!40014 SET @OLD_UNIQUE_CHECKS=@@UNIQUE_CHECKS, UNIQUE_CHECKS=0 */;
/*!40014 SET @OLD_FOREIGN_KEY_CHECKS=@@FOREIGN_KEY_CHECKS, FOREIGN_KEY_CHECKS=0 */;
/*!40101 SET @OLD_SQL_MODE=@@SQL_MODE, SQL_MODE='NO_AUTO_VALUE_ON_ZERO' */;
/*!40111 SET @OLD_SQL_NOTES=@@SQL_NOTES, SQL_NOTES=0 */;

--
-- Table structure for table `badges`
--

DROP TABLE IF EXISTS `badges`;
/*!40101 SET @saved_cs_client     = @@character_set_client */;
/*!50503 SET character_set_client = utf8mb4 */;
CREATE TABLE `badges` (
  `id` int NOT NULL AUTO_INCREMENT,
  `code` varchar(255) COLLATE utf8mb4_general_ci NOT NULL,
  `title` varchar(255) COLLATE utf8mb4_general_ci NOT NULL,
  `description` varchar(255) COLLATE utf8mb4_general_ci DEFAULT NULL,
  `icon` varchar(255) COLLATE utf8mb4_general_ci DEFAULT 0xF09F8F85,
  `createdAt` datetime NOT NULL,
  `updatedAt` datetime NOT NULL,
  PRIMARY KEY (`id`),
  UNIQUE KEY `code` (`code`),
  UNIQUE KEY `code_2` (`code`),
  UNIQUE KEY `code_3` (`code`),
  UNIQUE KEY `code_4` (`code`),
  UNIQUE KEY `code_5` (`code`)
) ENGINE=InnoDB AUTO_INCREMENT=9 DEFAULT CHARSET=utf8mb4 COLLATE=utf8mb4_general_ci;
/*!40101 SET character_set_client = @saved_cs_client */;

--
-- Dumping data for table `badges`
--

LOCK TABLES `badges` WRITE;
/*!40000 ALTER TABLE `badges` DISABLE KEYS */;
INSERT INTO `badges` VALUES (1,'lesson_master','Ders Ustası','5 ders tamamladın 🎓','📘','2025-05-11 14:42:51','2025-05-11 14:42:51'),(2,'quiz_master','Quiz Ustası','5 quiz tamamladın 🧠','📊','2025-05-11 14:42:51','2025-05-11 14:42:51'),(3,'perfect_3','Mükemmeliyetçi','3 quizde %100 başarı sağladın 💯','🏆','2025-05-11 14:42:51','2025-05-11 14:42:51'),(4,'first_quiz_done','İlk Quiz Rozeti','İlk quizini tamamladın 🎉','🎯','2025-05-11 14:42:51','2025-05-11 14:42:51'),(5,'perfect_quiz','Mükemmeliyetçi','1 quizde %100 başarı sağladın 💯','🏆','2025-05-27 07:29:19','2025-05-27 07:29:19'),(6,'chatbot_first_use','Sohbet Başlangıcı','İlk kez chatbot ile mesajlaştın 💬','💬','2025-05-27 07:29:19','2025-05-27 07:29:19'),(7,'chatbot_talker','Sohbet Ustası','5 kez chatbot ile mesajlaştın 🗣️','🗣️','2025-05-27 07:29:19','2025-05-27 07:29:19'),(8,'first_lesson_done','İlk Ders Rozeti','İlk dersini başarıyla tamamladın 📖','📖','2025-05-27 07:29:19','2025-05-27 07:29:19');
/*!40000 ALTER TABLE `badges` ENABLE KEYS */;
UNLOCK TABLES;

--
-- Table structure for table `chathistories`
--

DROP TABLE IF EXISTS `chathistories`;
/*!40101 SET @saved_cs_client     = @@character_set_client */;
/*!50503 SET character_set_client = utf8mb4 */;
CREATE TABLE `chathistories` (
  `id` int NOT NULL AUTO_INCREMENT,
  `message` text COLLATE utf8mb4_general_ci NOT NULL,
  `sender` enum('user','bot') COLLATE utf8mb4_general_ci NOT NULL,
  `createdAt` datetime NOT NULL,
  `updatedAt` datetime NOT NULL,
  `userId` int DEFAULT NULL,
  PRIMARY KEY (`id`),
  KEY `userId` (`userId`),
  CONSTRAINT `chathistories_ibfk_1` FOREIGN KEY (`userId`) REFERENCES `users` (`id`) ON DELETE SET NULL ON UPDATE CASCADE,
  CONSTRAINT `chathistories_ibfk_10` FOREIGN KEY (`userId`) REFERENCES `users` (`id`) ON DELETE CASCADE ON UPDATE CASCADE,
  CONSTRAINT `chathistories_ibfk_11` FOREIGN KEY (`userId`) REFERENCES `users` (`id`) ON DELETE CASCADE ON UPDATE CASCADE,
  CONSTRAINT `chathistories_ibfk_12` FOREIGN KEY (`userId`) REFERENCES `users` (`id`) ON DELETE CASCADE ON UPDATE CASCADE,
  CONSTRAINT `chathistories_ibfk_13` FOREIGN KEY (`userId`) REFERENCES `users` (`id`) ON DELETE CASCADE ON UPDATE CASCADE,
  CONSTRAINT `chathistories_ibfk_14` FOREIGN KEY (`userId`) REFERENCES `users` (`id`) ON DELETE CASCADE ON UPDATE CASCADE,
  CONSTRAINT `chathistories_ibfk_15` FOREIGN KEY (`userId`) REFERENCES `users` (`id`) ON DELETE CASCADE ON UPDATE CASCADE,
  CONSTRAINT `chathistories_ibfk_16` FOREIGN KEY (`userId`) REFERENCES `users` (`id`) ON DELETE CASCADE ON UPDATE CASCADE,
  CONSTRAINT `chathistories_ibfk_17` FOREIGN KEY (`userId`) REFERENCES `users` (`id`) ON DELETE CASCADE ON UPDATE CASCADE,
  CONSTRAINT `chathistories_ibfk_18` FOREIGN KEY (`userId`) REFERENCES `users` (`id`) ON DELETE CASCADE ON UPDATE CASCADE,
  CONSTRAINT `chathistories_ibfk_19` FOREIGN KEY (`userId`) REFERENCES `users` (`id`) ON DELETE CASCADE ON UPDATE CASCADE,
  CONSTRAINT `chathistories_ibfk_2` FOREIGN KEY (`userId`) REFERENCES `users` (`id`) ON DELETE SET NULL ON UPDATE CASCADE,
  CONSTRAINT `chathistories_ibfk_20` FOREIGN KEY (`userId`) REFERENCES `users` (`id`) ON DELETE CASCADE ON UPDATE CASCADE,
  CONSTRAINT `chathistories_ibfk_21` FOREIGN KEY (`userId`) REFERENCES `users` (`id`) ON DELETE CASCADE ON UPDATE CASCADE,
  CONSTRAINT `chathistories_ibfk_22` FOREIGN KEY (`userId`) REFERENCES `users` (`id`) ON DELETE CASCADE ON UPDATE CASCADE,
  CONSTRAINT `chathistories_ibfk_23` FOREIGN KEY (`userId`) REFERENCES `users` (`id`) ON DELETE CASCADE ON UPDATE CASCADE,
  CONSTRAINT `chathistories_ibfk_24` FOREIGN KEY (`userId`) REFERENCES `users` (`id`) ON DELETE CASCADE ON UPDATE CASCADE,
  CONSTRAINT `chathistories_ibfk_25` FOREIGN KEY (`userId`) REFERENCES `users` (`id`) ON DELETE CASCADE ON UPDATE CASCADE,
  CONSTRAINT `chathistories_ibfk_26` FOREIGN KEY (`userId`) REFERENCES `users` (`id`) ON DELETE CASCADE ON UPDATE CASCADE,
  CONSTRAINT `chathistories_ibfk_27` FOREIGN KEY (`userId`) REFERENCES `users` (`id`) ON DELETE CASCADE ON UPDATE CASCADE,
  CONSTRAINT `chathistories_ibfk_28` FOREIGN KEY (`userId`) REFERENCES `users` (`id`) ON DELETE CASCADE ON UPDATE CASCADE,
  CONSTRAINT `chathistories_ibfk_29` FOREIGN KEY (`userId`) REFERENCES `users` (`id`) ON DELETE CASCADE ON UPDATE CASCADE,
  CONSTRAINT `chathistories_ibfk_3` FOREIGN KEY (`userId`) REFERENCES `users` (`id`) ON DELETE SET NULL ON UPDATE CASCADE,
  CONSTRAINT `chathistories_ibfk_30` FOREIGN KEY (`userId`) REFERENCES `users` (`id`) ON DELETE CASCADE ON UPDATE CASCADE,
  CONSTRAINT `chathistories_ibfk_31` FOREIGN KEY (`userId`) REFERENCES `users` (`id`) ON DELETE CASCADE ON UPDATE CASCADE,
  CONSTRAINT `chathistories_ibfk_32` FOREIGN KEY (`userId`) REFERENCES `users` (`id`) ON DELETE CASCADE ON UPDATE CASCADE,
  CONSTRAINT `chathistories_ibfk_33` FOREIGN KEY (`userId`) REFERENCES `users` (`id`) ON DELETE CASCADE ON UPDATE CASCADE,
  CONSTRAINT `chathistories_ibfk_34` FOREIGN KEY (`userId`) REFERENCES `users` (`id`) ON DELETE CASCADE ON UPDATE CASCADE,
  CONSTRAINT `chathistories_ibfk_35` FOREIGN KEY (`userId`) REFERENCES `users` (`id`) ON DELETE CASCADE ON UPDATE CASCADE,
  CONSTRAINT `chathistories_ibfk_4` FOREIGN KEY (`userId`) REFERENCES `users` (`id`) ON DELETE SET NULL ON UPDATE CASCADE,
  CONSTRAINT `chathistories_ibfk_5` FOREIGN KEY (`userId`) REFERENCES `users` (`id`) ON DELETE SET NULL ON UPDATE CASCADE,
  CONSTRAINT `chathistories_ibfk_6` FOREIGN KEY (`userId`) REFERENCES `users` (`id`) ON DELETE SET NULL ON UPDATE CASCADE,
  CONSTRAINT `chathistories_ibfk_7` FOREIGN KEY (`userId`) REFERENCES `users` (`id`) ON DELETE SET NULL ON UPDATE CASCADE,
  CONSTRAINT `chathistories_ibfk_8` FOREIGN KEY (`userId`) REFERENCES `users` (`id`) ON DELETE CASCADE ON UPDATE CASCADE,
  CONSTRAINT `chathistories_ibfk_9` FOREIGN KEY (`userId`) REFERENCES `users` (`id`) ON DELETE CASCADE ON UPDATE CASCADE
) ENGINE=InnoDB AUTO_INCREMENT=379 DEFAULT CHARSET=utf8mb4 COLLATE=utf8mb4_general_ci;
/*!40101 SET character_set_client = @saved_cs_client */;

--
-- Dumping data for table `chathistories`
--

LOCK TABLES `chathistories` WRITE;
/*!40000 ALTER TABLE `chathistories` DISABLE KEYS */;
INSERT INTO `chathistories` VALUES (37,'Merhaba','user','2025-05-12 12:15:46','2025-05-12 12:15:46',1),(38,'Merhaba! Ben İngilizce öğretmenin ve öğrenme koçun. Seninle İngilizce öğrenme sürecinde yardımcı olmak için buradayım. Eğer İngilizce seviyeni geliştirmek istiyorsan, dersler alabilir, quizler çözebilir, rozetler kazanabilir ve pratik yapabilirsin. Seyahat amacın varsa, günlük pratiklerle bu konuda sana destek olabilirim. Sana nasıl yardımcı olabileceğimi veya soruların varsa nasıl cevaplayabileceğimi söyleyebilirsin. Başlamak için bir ders almak ister misin? 😊🌟','bot','2025-05-12 12:15:46','2025-05-12 12:15:46',1),(39,'merhaba','user','2025-05-12 12:24:06','2025-05-12 12:24:06',1),(40,'Merhaba! Nasıl yardımcı olabilirim bugün? İngilizce öğrenme sürecinde nerede olduğunu ve ne yapmak istediğini bana anlatır mısın? 😊🚀','bot','2025-05-12 12:24:06','2025-05-12 12:24:06',1),(41,'önceki mesajımda ne yazdım','user','2025-05-12 12:25:36','2025-05-12 12:25:36',1),(42,'Önceki mesajında sadece \"Merhaba\" yazmıştın. Nasıl yardımcı olabileceğimi veya ne yapmak istediğini bana anlatmak ister misin? 😊🌟','bot','2025-05-12 12:25:36','2025-05-12 12:25:36',1),(43,'Merhaba öğretmenim, bugünkü dersime nasıl devam etmeliyim?','user','2025-05-17 15:35:51','2025-05-17 15:35:51',1),(44,'Önceki mesajında \"Merhaba öğretmenim, bugünkü dersime nasıl devam etmeliyim?\" yazmıştın. Bugün hangi konuları çalışmak istediğini veya hangi konular üzerinde daha fazla pratik yapmak istediğini bana söyleyebilirsin. Seninle İngilizce öğrenme sürecinde yardımcı olmak için buradayım. Ne yapmak istediğini bana anlatmaktan çekinme! 😊📚','bot','2025-05-17 15:35:51','2025-05-17 15:35:51',1),(45,'Biraz ders çalışmak istiyorum','user','2025-05-17 15:36:12','2025-05-17 15:36:12',1),(46,'Harika! Ders çalışmaya devam etmek için önerilerim var. Bugün A2 seviyesinde olduğunu ve seyahat amacın olduğunu biliyorum. Bu bağlamda, seyahatle ilgili temel ifadeleri ve kalıpları tekrar etmek faydalı olabilir. Örneğin:\n- Havaalanında yönlendirme ifadeleri: \"Where is the check-in counter?\" (Check-in kontuarı nerede?)\n- Otel rezervasyonu: \"I have a reservation under the name of John Smith.\" (John Smith adına bir rezervasyonum var.)\n- Restoranda sipariş verme: \"I would like to order a local dish, please.\" (Lütfen yerel bir yemek sipariş etmek istiyorum.)\n\nBu ifadeleri tekrar etmek ve örnek cümlelerle pratik yapmak ders çalışmana yardımcı olabilir. İstediğin bir konu veya konuyla ilgili özel bir sorun varsa bana söyleyebilirsin. Şimdi ders çalışmaya başlamak için bir konu seç veya üzerinde çalışmak istediğin bir şey var mı? 😊📚🌟','bot','2025-05-17 15:36:12','2025-05-17 15:36:12',1),(47,'Selam en son hangi quizi çözdüm?','user','2025-05-27 03:16:15','2025-05-27 03:16:15',1),(48,'En son çözdüğün quiz \"A1 - Demo Quiz\" idi. Bu quizi başarıyla tamamladın! Eğer başka bir konuda daha pratik yapmak istersen veya farklı bir quiz çözmek istersen bana söyleyebilirsin. Sana hangi konuda çalışmak istediğin konusunda yardımcı olabilirim. Ders çalışmaya devam etmek için kararlılığını takdir ediyorum! Başarılar! 🌟📚','bot','2025-05-27 03:16:15','2025-05-27 03:16:15',1),(49,'En son tamamladığım ders hangisiydi','user','2025-05-27 03:19:10','2025-05-27 03:19:10',1),(50,'Son etkinliğin \"A1 – Genel Okuma Pratiği\" dersini tamamlamışsın. Eğer bu konuda daha fazla pratik yapmak veya farklı bir konu üzerinde çalışmak istersen, ben buradayım. Sana yardımcı olmak için hazırım! Başarılarının devamını dilerim. 😊📖🌟','bot','2025-05-27 03:19:10','2025-05-27 03:19:10',1),(51,'Tamam','user','2025-05-27 03:34:15','2025-05-27 03:34:15',1),(52,'Eğer başka bir sorunuz veya yardıma ihtiyacınız varsa çekinmeden bana sorabilirsiniz. İyi günler! 😊🌟📚\n\n(Son Aktiviteler: [point] quiz_completed, [point] perfect_quiz, [badge] İlk Quiz Rozeti, [point] quiz_completed, [point] perfect_quiz)','bot','2025-05-27 03:34:15','2025-05-27 03:34:15',1),(53,'Selam','user','2025-05-27 03:39:49','2025-05-27 03:39:49',1),(54,'Merhaba! Nasıl yardımcı olabilirim bugün? Eğer ders çalışmak veya pratik yapmak istersen, konuşmaktan çekinme. 😊📚🌟\n\n(Son Aktiviteler: [quiz] A1 - Alfabe, Selamlaşma ve Tanışma Quiz, [point] quiz_completed, [lesson] A1- Yiyecekler ve İçecekler, [lesson] A1 - Zamirler, [lesson] A1 - Alfabe, Selamlaşma ve Tanışma, [badge] Ders Ustası, [point] lesson_completed, [point] lesson_completed, [point] lesson_completed, [point] lesson_completed, [point] lesson_completed, [point] quiz_completed, [point] quiz_completed, [point] quiz_completed, [point] quiz_completed, [point] quiz_completed, [point] quiz_completed, [point] quiz_completed, [point] quiz_completed, [point] quiz_completed, [point] quiz_completed, [point] quiz_completed, [point] quiz_completed, [point] quiz_completed, [point] quiz_completed, [point] quiz_completed, [point] quiz_completed, [point] perfect_quiz, [point] quiz_completed, [point] quiz_completed, [point] quiz_completed, [point] quiz_completed, [point] quiz_completed, [badge] Quiz Ustası, [badge] Mükemmeliyetçi, [point] quiz_completed, [point] perfect_quiz, [point] quiz_completed, [point] quiz_completed, [point] quiz_completed, [point] perfect_quiz, [badge] İlk Quiz Rozeti, [point] quiz_completed, [point] perfect_quiz)','bot','2025-05-27 03:39:49','2025-05-27 03:39:49',1),(55,'en son çözdüğüm ders neydi','user','2025-05-27 03:40:35','2025-05-27 03:40:35',1),(56,'Son dersiniz \"A1 - Alfabe, Selamlaşma ve Tanışma\" dersiydi. Eğer bu konuda daha fazla pratik yapmak isterseniz veya farklı bir konu üzerinde çalışmak isterseniz, size yardımcı olmaktan mutluluk duyarım. Herhangi bir sorunuz varsa çekinmeden bana sorabilirsiniz. Başarılar dilerim! 😊📚🌟\n\n(Son Aktiviteler: [quiz] A1 - Alfabe, Selamlaşma ve Tanışma Quiz, [point] quiz_completed, [lesson] A1- Yiyecekler ve İçecekler, [lesson] A1 - Zamirler, [lesson] A1 - Alfabe, Selamlaşma ve Tanışma, [badge] Ders Ustası, [point] lesson_completed, [point] lesson_completed, [point] lesson_completed, [point] lesson_completed, [point] lesson_completed, [point] quiz_completed, [point] quiz_completed, [point] quiz_completed, [point] quiz_completed, [point] quiz_completed, [point] quiz_completed, [point] quiz_completed, [point] quiz_completed, [point] quiz_completed, [point] quiz_completed, [point] quiz_completed, [point] quiz_completed, [point] quiz_completed, [point] quiz_completed, [point] quiz_completed, [point] quiz_completed, [point] perfect_quiz, [point] quiz_completed, [point] quiz_completed, [point] quiz_completed, [point] quiz_completed, [point] quiz_completed, [badge] Quiz Ustası, [badge] Mükemmeliyetçi, [point] quiz_completed, [point] perfect_quiz, [point] quiz_completed, [point] quiz_completed, [point] quiz_completed, [point] perfect_quiz, [badge] İlk Quiz Rozeti, [point] quiz_completed, [point] perfect_quiz)','bot','2025-05-27 03:40:35','2025-05-27 03:40:35',1),(57,'en son çözdüğüm ders neydi','user','2025-05-27 03:43:25','2025-05-27 03:43:25',1),(58,'Son dersiniz \"A1 - Alfabe, Selamlaşma ve Tanışma\" dersiydi. Eğer bu konuda daha fazla pratik yapmak isterseniz veya farklı bir konu üzerinde çalışmak isterseniz, size yardımcı olmaktan mutluluk duyarım. Herhangi bir sorunuz varsa çekinmeden bana sorabilirsiniz. Başarılar dilerim! 😊📚🌟\n\n(Son Aktiviteler: [quiz] A1 - Alfabe, Selamlaşma ve Tanışma Quiz, [point] quiz_completed, [lesson] A1- Yiyecekler ve İçecekler, [lesson] A1 - Zamirler, [lesson] A1 - Alfabe, Selamlaşma ve Tanışma, [badge] Ders Ustası, [point] lesson_completed, [point] lesson_completed, [point] lesson_completed, [point] lesson_completed, [point] lesson_completed, [point] quiz_completed, [point] quiz_completed, [point] quiz_completed, [point] quiz_completed, [point] quiz_completed, [point] quiz_completed, [point] quiz_completed, [point] quiz_completed, [point] quiz_completed, [point] quiz_completed, [point] quiz_completed, [point] quiz_completed, [point] quiz_completed, [point] quiz_completed, [point] quiz_completed, [point] quiz_completed, [point] perfect_quiz, [point] quiz_completed, [point] quiz_completed, [point] quiz_completed, [point] quiz_completed, [point] quiz_completed, [badge] Quiz Ustası, [badge] Mükemmeliyetçi, [point] quiz_completed, [point] perfect_quiz, [point] quiz_completed, [point] quiz_completed, [point] quiz_completed, [point] perfect_quiz, [badge] İlk Quiz Rozeti, [point] quiz_completed, [point] perfect_quiz)\n\n(Son Aktiviteler: [lesson] A1 - Zamirler, [point] lesson_completed, [quiz] A1 - Alfabe, Selamlaşma ve Tanışma Quiz, [point] quiz_completed, [lesson] A1- Yiyecekler ve İçecekler, [lesson] A1 - Alfabe, Selamlaşma ve Tanışma, [badge] Ders Ustası, [point] lesson_completed, [point] lesson_completed, [point] lesson_completed, [point] lesson_completed, [point] lesson_completed, [point] quiz_completed, [point] quiz_completed, [point] quiz_completed, [point] quiz_completed, [point] quiz_completed, [point] quiz_completed, [point] quiz_completed, [point] quiz_completed, [point] quiz_completed, [point] quiz_completed, [point] quiz_completed, [point] quiz_completed, [point] quiz_completed, [point] quiz_completed, [point] quiz_completed, [point] quiz_completed, [point] perfect_quiz, [point] quiz_completed, [point] quiz_completed, [point] quiz_completed, [point] quiz_completed, [point] quiz_completed, [badge] Quiz Ustası, [badge] Mükemmeliyetçi, [point] quiz_completed, [point] perfect_quiz, [point] quiz_completed, [point] quiz_completed, [point] quiz_completed, [point] perfect_quiz, [badge] İlk Quiz Rozeti, [point] quiz_completed, [point] perfect_quiz)','bot','2025-05-27 03:43:25','2025-05-27 03:43:25',1),(59,'En son tamamladığım ders neydi','user','2025-05-27 03:48:41','2025-05-27 03:48:41',1),(60,'Son tamamladığınız ders \"A1 - Alfabe, Selamlaşma ve Tanışma\" dersiydi. Bu dersi başarıyla tamamlamışsınız. Eğer bu konuda daha fazla pratik yapmak isterseniz veya farklı bir konu üzerinde çalışmak isterseniz, size yardımcı olmaktan mutluluk duyarım. Herhangi bir konuda sorunuz varsa çekinmeden bana sorabilirsiniz. Başarılarınızın devamını dilerim! 😊📚🌟\n\n(Son Aktiviteler: [lesson] A1 - Zamirler, [point] lesson_completed, [quiz] A1 - Alfabe, Selamlaşma ve Tanışma Quiz, [point] quiz_completed, [lesson] A1- Yiyecekler ve İçecekler, [lesson] A1 - Alfabe, Selamlaşma ve Tanışma, [badge] Ders Ustası, [point] lesson_completed, [point] lesson_completed, [point] lesson_completed, [point] lesson_completed, [point] lesson_completed, [point] quiz_completed, [point] quiz_completed, [point] quiz_completed, [point] quiz_completed, [point] quiz_completed, [point] quiz_completed, [point] quiz_completed, [point] quiz_completed, [point] quiz_completed, [point] quiz_completed, [point] quiz_completed, [point] quiz_completed, [point] quiz_completed, [point] quiz_completed, [point] quiz_completed, [point] quiz_completed, [point] perfect_quiz, [point] quiz_completed, [point] quiz_completed, [point] quiz_completed, [point] quiz_completed, [point] quiz_completed, [badge] Quiz Ustası, [badge] Mükemmeliyetçi, [point] quiz_completed, [point] perfect_quiz, [point] quiz_completed, [point] quiz_completed, [point] quiz_completed, [point] perfect_quiz, [badge] İlk Quiz Rozeti, [point] quiz_completed, [point] perfect_quiz)','bot','2025-05-27 03:48:41','2025-05-27 03:48:41',1),(61,'Selam hangi dersleri tamamladım ?','user','2025-05-27 03:58:46','2025-05-27 03:58:46',1),(62,'Merhaba! Şu ana kadar tamamladığınız dersler:\n1. A1 - Alfabe, Selamlaşma ve Tanışma\n2. A1 - Zamirler\n\nBu dersleri başarıyla tamamlamışsınız. Eğer farklı konularda çalışmak veya eksik derslerinizi tamamlamak isterseniz size yardımcı olmaktan mutluluk duyarım. Herhangi bir sorunuz varsa çekinmeden bana yazabilirsiniz. Başarılarınızın devamını dilerim! 😊📚🌟\n\n(Son Aktiviteler: [lesson] A1 - Zamirler, [point] lesson_completed, [quiz] A1 - Alfabe, Selamlaşma ve Tanışma Quiz, [point] quiz_completed, [lesson] A1- Yiyecekler ve İçecekler, [lesson] A1 - Alfabe, Selamlaşma ve Tanışma, [badge] Ders Ustası, [point] lesson_completed, [point] lesson_completed, [point] lesson_completed, [point] lesson_completed, [point] lesson_completed, [point] quiz_completed, [point] quiz_completed, [point] quiz_completed, [point] quiz_completed, [point] quiz_completed, [point] quiz_completed, [point] quiz_completed, [point] quiz_completed, [point] quiz_completed, [point] quiz_completed, [point] quiz_completed, [point] quiz_completed, [point] quiz_completed, [point] quiz_completed, [point] quiz_completed, [point] quiz_completed, [point] perfect_quiz, [point] quiz_completed, [point] quiz_completed, [point] quiz_completed, [point] quiz_completed, [point] quiz_completed, [badge] Quiz Ustası, [badge] Mükemmeliyetçi, [point] quiz_completed, [point] perfect_quiz, [point] quiz_completed, [point] quiz_completed, [point] quiz_completed, [point] perfect_quiz, [badge] İlk Quiz Rozeti, [point] quiz_completed, [point] perfect_quiz)\n\n(Son Aktiviteler: [lesson] A1 - Zamirler, [point] lesson_completed, [quiz] A1 - Alfabe, Selamlaşma ve Tanışma Quiz, [point] quiz_completed, [lesson] A1- Yiyecekler ve İçecekler, [lesson] A1 - Alfabe, Selamlaşma ve Tanışma, [badge] Ders Ustası, [point] lesson_completed, [point] lesson_completed, [point] lesson_completed, [point] lesson_completed, [point] lesson_completed, [point] quiz_completed, [point] quiz_completed, [point] quiz_completed, [point] quiz_completed, [point] quiz_completed, [point] quiz_completed, [point] quiz_completed, [point] quiz_completed, [point] quiz_completed, [point] quiz_completed, [point] quiz_completed, [point] quiz_completed, [point] quiz_completed, [point] quiz_completed, [point] quiz_completed, [point] quiz_completed, [point] perfect_quiz, [point] quiz_completed, [point] quiz_completed, [point] quiz_completed, [point] quiz_completed, [point] quiz_completed, [badge] Quiz Ustası, [badge] Mükemmeliyetçi, [point] quiz_completed, [point] perfect_quiz, [point] quiz_completed, [point] quiz_completed, [point] quiz_completed, [point] perfect_quiz, [badge] İlk Quiz Rozeti, [point] quiz_completed, [point] perfect_quiz)','bot','2025-05-27 03:58:46','2025-05-27 03:58:46',1),(63,'Selam şu ana kadar hangi dersleri tamamladım','user','2025-05-27 03:59:23','2025-05-27 03:59:23',1),(64,'Şu ana kadar tamamladığınız dersler:\n1. A1 - Alfabe, Selamlaşma ve Tanışma\n2. A1 - Zamirler\n\nBu dersleri başarıyla bitirmişsiniz. Eğer farklı konularda çalışmak veya yeni derslere başlamak isterseniz size yardımcı olmaktan memnuniyet duyarım. Herhangi bir sorunuz varsa sormaktan çekinmeyin. Başarılarınızın devamını dilerim! 😊📚🌟','bot','2025-05-27 03:59:23','2025-05-27 03:59:23',1),(65,'Bu dersleri hangi başarı oranıyla tamamladım','user','2025-05-27 03:59:37','2025-05-27 03:59:37',1),(66,'Maalesef, şu anda başarı oranlarınız hakkında bilgiye erişemiyorum. Ancak, genel olarak dersleri başarıyla tamamladığınızı ve ilerlemenizi sürdürdüğünüzü belirtmek isterim. Eğer özel bir konuda başarı oranınızı öğrenmek isterseniz, benimle paylaşabilirsiniz. Size daha fazla yardımcı olmak isterim! 😊📚🌟','bot','2025-05-27 03:59:37','2025-05-27 03:59:37',1),(67,'Şu ana kadar hangi quizleri tamamladım','user','2025-05-27 03:59:51','2025-05-27 03:59:51',1),(68,'Şu ana kadar tamamladığınız quizler:\n1. A1 - Alfabe, Selamlaşma ve Tanışma Quiz\n\nDiğer quizleri çözmediğinizi gözlemledim. Eğer diğer quizleri çözmek isterseniz veya farklı konular hakkında quizleri denemek isterseniz size yardımcı olabilirim. Herhangi bir konuda sorunuz varsa bana yazmaktan çekinmeyin. Başarılarınızın devamını dilerim! 😊🧠🌟','bot','2025-05-27 03:59:51','2025-05-27 03:59:51',1),(69,'Bu quizi hangi başarı oranı ile tamamladım','user','2025-05-27 04:00:06','2025-05-27 04:00:06',1),(70,'Üzgünüm, şu anda hangi quizleri tamamladığınıza veya hangi başarı oranıyla tamamladığınıza dair özel bilgiye erişemiyorum. Ancak genel olarak ilerlemenizi sürdürdüğünüzü ve başarıyla dersleri tamamladığınızı belirtmek isterim. Eğer başka sorularınız varsa veya yardıma ihtiyacınız varsa ben buradayım. Size destek olmaktan mutluluk duyarım! 😊📚🌟','bot','2025-05-27 04:00:06','2025-05-27 04:00:06',1),(71,'Bu quizi hangi başarı oranı ile tamamladım','user','2025-05-27 04:04:03','2025-05-27 04:04:03',1),(72,'A1 - Alfabe, Selamlaşma ve Tanışma Quiz\'i %70 başarıyla tamamladınız. Bu harika bir başarı! Diğer quizlere de aynı başarıyla devam edeceğinize eminim. Eğer diğer quizleri çözmek isterseniz veya farklı konular hakkında quizlere katılmak isterseniz size yardımcı olabilirim. Herhangi bir konuda sorunuz varsa sormaktan çekinmeyin. Başarılarınızın devamını dilerim! 😊🌟👏\n\n(Son Aktiviteler: [lesson] A1 - Zamirler, [point] lesson_completed, [quiz] A1 - Alfabe, Selamlaşma ve Tanışma Quiz, [point] quiz_completed, [lesson] A1- Yiyecekler ve İçecekler, [lesson] A1 - Alfabe, Selamlaşma ve Tanışma, [badge] Ders Ustası, [point] lesson_completed, [point] lesson_completed, [point] lesson_completed, [point] lesson_completed, [point] lesson_completed, [point] quiz_completed, [point] quiz_completed, [point] quiz_completed, [point] quiz_completed, [point] quiz_completed, [point] quiz_completed, [point] quiz_completed, [point] quiz_completed, [point] quiz_completed, [point] quiz_completed, [point] quiz_completed, [point] quiz_completed, [point] quiz_completed, [point] quiz_completed, [point] quiz_completed, [point] quiz_completed, [point] perfect_quiz, [point] quiz_completed, [point] quiz_completed, [point] quiz_completed, [point] quiz_completed, [point] quiz_completed, [badge] Quiz Ustası, [badge] Mükemmeliyetçi, [point] quiz_completed, [point] perfect_quiz, [point] quiz_completed, [point] quiz_completed, [point] quiz_completed, [point] perfect_quiz, [badge] İlk Quiz Rozeti, [point] quiz_completed, [point] perfect_quiz)','bot','2025-05-27 04:04:03','2025-05-27 04:04:03',1),(73,'Bu quizi hangi başarı oranı ile tamamladım','user','2025-05-27 04:05:42','2025-05-27 04:05:42',1),(74,'A1 - Alfabe, Selamlaşma ve Tanışma Quiz\'i %70 başarıyla tamamladınız. Bu harika bir başarı! Diğer quizlere de aynı başarıyla devam edeceğinize eminim. Eğer diğer quizleri çözmek isterseniz veya farklı konular hakkında quizlere katılmak isterseniz size yardımcı olabilirim. Herhangi bir konuda sorunuz varsa sormaktan çekinmeyin. Başarılarınızın devamını dilerim! 😊🌟👏','bot','2025-05-27 04:05:42','2025-05-27 04:05:42',1),(75,'Bir önceki mesajımda ne sordum','user','2025-05-27 04:05:51','2025-05-27 04:05:51',1),(76,'Önceki mesajınızda \"Bu quizi hangi başarı oranı ile tamamladım?\" sorusunu sormuştunuz. Size verdiğim cevapta A1 - Alfabe, Selamlaşma ve Tanışma Quiz\'i %70 başarıyla tamamladığınızı belirttim. Eğer başka sorularınız varsa veya yardıma ihtiyacınız varsa her zaman bana yazabilirsiniz. Size yardımcı olmaktan mutluluk duyarım! 😊📚🌟','bot','2025-05-27 04:05:51','2025-05-27 04:05:51',1),(77,'Selam','user','2025-05-27 04:13:56','2025-05-27 04:13:56',1),(78,'Merhaba! Nasıl yardımcı olabilirim bugün? 😊🌟','bot','2025-05-27 04:13:56','2025-05-27 04:13:56',1),(79,'Eksik dersim var mı?','user','2025-05-27 04:14:01','2025-05-27 04:14:01',1),(80,'Evet, eksik dersiniz var. Henüz A1- Yiyecekler ve İçecekler dersini tamamlamamışsınız. Bu dersi tamamlayarak seviyenizi daha da ilerletebilirsiniz. Eğer bu konuda size yardımcı olmamı veya başka bir konuda destek sağlamamı isterseniz sormaktan çekinmeyin. Başarılar dilerim! 📚🌟','bot','2025-05-27 04:14:02','2025-05-27 04:14:02',1),(81,'Bugün ne çalışmalıyım?','user','2025-05-27 04:14:12','2025-05-27 04:14:12',1),(82,'Bugün A1- Yiyecekler ve İçecekler dersini çalışmanızı öneririm çünkü bu dersi henüz tamamlamadınız. Yiyecekler ve içecekler konusunu öğrenerek seyahat amacınıza daha iyi hazırlanabilirsiniz. Dersi çalışırken kelime dağarcığınızı geliştirmek için örnek cümleler kurmaya çalışabilirsiniz. Ayrıca, konuyla ilgili quizi çözerek öğrendiklerinizi pekiştirebilirsiniz. Herhangi bir konuda yardıma ihtiyacınız olursa bana yazmaktan çekinmeyin. Başarılar ve keyifli çalışmalar dilerim! 🍽️🥤📚🌟\n\n(Son Aktiviteler: [lesson] A1 - Zamirler, [point] lesson_completed, [quiz] A1 - Alfabe, Selamlaşma ve Tanışma Quiz, [point] quiz_completed, [lesson] A1- Yiyecekler ve İçecekler, [lesson] A1 - Alfabe, Selamlaşma ve Tanışma, [badge] Ders Ustası, [point] lesson_completed, [point] lesson_completed, [point] lesson_completed, [point] lesson_completed, [point] lesson_completed, [point] quiz_completed, [point] quiz_completed, [point] quiz_completed, [point] quiz_completed, [point] quiz_completed, [point] quiz_completed, [point] quiz_completed, [point] quiz_completed, [point] quiz_completed, [point] quiz_completed, [point] quiz_completed, [point] quiz_completed, [point] quiz_completed, [point] quiz_completed, [point] quiz_completed, [point] quiz_completed, [point] perfect_quiz, [point] quiz_completed, [point] quiz_completed, [point] quiz_completed, [point] quiz_completed, [point] quiz_completed, [badge] Quiz Ustası, [badge] Mükemmeliyetçi, [point] quiz_completed, [point] perfect_quiz, [point] quiz_completed, [point] quiz_completed, [point] quiz_completed, [point] perfect_quiz, [badge] İlk Quiz Rozeti, [point] quiz_completed, [point] perfect_quiz)','bot','2025-05-27 04:14:12','2025-05-27 04:14:12',1),(83,'Yeni bir konu önerir misin?','user','2025-05-27 04:14:30','2025-05-27 04:14:30',1),(84,'Tabii ki! Bugün A1- Yiyecekler ve İçecekler dersini çalışmanızı öneririm çünkü bu dersi henüz tamamlamamışsınız. Yiyecekler ve içecekler konusunu öğrenerek seyahat amacınıza daha iyi hazırlanabilirsiniz. Dersi çalışırken kelime dağarcığınızı geliştirmek için örnek cümleler kurmaya çalışabilirsiniz. Ayrıca, konuyla ilgili quizi çözerek öğrendiklerinizi pekiştirebilirsiniz. Herhangi bir konuda yardıma ihtiyacınız olursa bana yazmaktan çekinmeyin. Başarılar ve keyifli çalışmalar dilerim! 🍽️🥤📚🌟\n\n(Son Aktiviteler: [lesson] A1 - Zamirler, [point] lesson_completed, [quiz] A1 - Alfabe, Selamlaşma ve Tanışma Quiz, [point] quiz_completed, [lesson] A1- Yiyecekler ve İçecekler, [lesson] A1 - Alfabe, Selamlaşma ve Tanışma, [badge] Ders Ustası, [point] lesson_completed, [point] lesson_completed, [point] lesson_completed, [point] lesson_completed, [point] lesson_completed, [point] quiz_completed, [point] quiz_completed, [point] quiz_completed, [point] quiz_completed, [point] quiz_completed, [point] quiz_completed, [point] quiz_completed, [point] quiz_completed, [point] quiz_completed, [point] quiz_completed, [point] quiz_completed, [point] quiz_completed, [point] quiz_completed, [point] quiz_completed, [point] quiz_completed, [point] quiz_completed, [point] perfect_quiz, [point] quiz_completed, [point] quiz_completed, [point] quiz_completed, [point] quiz_completed, [point] quiz_completed, [badge] Quiz Ustası, [badge] Mükemmeliyetçi, [point] quiz_completed, [point] perfect_quiz, [point] quiz_completed, [point] quiz_completed, [point] quiz_completed, [point] perfect_quiz, [badge] İlk Quiz Rozeti, [point] quiz_completed, [point] perfect_quiz)','bot','2025-05-27 04:14:30','2025-05-27 04:14:30',1),(85,'Bana ne önerirsin','user','2025-05-27 04:17:14','2025-05-27 04:17:14',1),(86,'Tabii ki! Size A1 seviyesindeki \"A1- Renkler ve Giysiler\" konusunu öneririm. Bu konu günlük hayatta sıkça karşılaşabileceğiniz renkler ve giysi türleri hakkında temel bilgiler içeriyor. Renkleri öğrenerek giysi isimlerini de pekiştirebilirsiniz. Bu konuyu çalışarak kelime dağarcığınızı genişletebilir ve iletişim becerilerinizi geliştirebilirsiniz. Eğer bu konuda çalışarak ilerlemek isterseniz size yardımcı olmaktan memnuniyet duyarım. Keyifli ve verimli çalışmalar dilerim! 🎨👗📚🌟','bot','2025-05-27 04:17:14','2025-05-27 04:17:14',1),(87,'Tamam bu konuda nasıl çalışacağım','user','2025-05-27 04:17:36','2025-05-27 04:17:36',1),(88,'Harika! \"A1- Renkler ve Giysiler\" konusunu çalışmaya başlamak için aşağıdaki adımları takip edebilirsiniz:\n\n1. **Kelime Listesi Çalışması:** İlk olarak renklerin ve giysilerin İngilizce karşılıklarını öğrenin. Renklerin adlarını ve en yaygın giysi isimlerini not alarak çalışmaya başlayabilirsiniz.\n\n2. **Örnek Cümleler:** Her kelime için örnek cümleler oluşturun. Örneğin, \"The sky is blue.\" (Gökyüzü mavidir) gibi cümleler kurarak renkleri ve giysileri kullanarak cümleler oluşturun.\n\n3. **Görsel Destek:** Renklerin ve giysilerin resimlerini inceleyerek görsel hafızanızı güçlendirin. Renklerle ilgili resimler bulup renkleri adlandırarak pratik yapabilirsiniz.\n\n4. **Quiz Çözme:** Konuyu pekiştirmek için internet üzerinde bulunan quizleri çözebilirsiniz. Bu şekilde öğrendiklerinizi test edebilir ve eksiklerinizi görebilirsiniz.\n\n5. **Konuyla İlgili Konuşma Pratiği:** Öğrendiğiniz kelimeleri günlük hayatta kullanmaya çalışın. Renkleri ve giysileri tanımlayarak basit cümleler kurarak konuşma pratiği yapın.\n\n6. **Günlük Tekrar:** Öğrendiğiniz kelimeleri günlük olarak tekrar etmeyi unutmayın. Bu şekilde bilgilerinizin kalıcı olmasını sağlayabilirsiniz.\n\nEğer konuyla ilgili örnek cümlelere veya quizlere ihtiyacınız olursa bana yazmaktan çekinmeyin. Başarılar dilerim, keyifli çalışmalar! 🎨👗📚🌟','bot','2025-05-27 04:17:36','2025-05-27 04:17:36',1),(89,'Bir mini görev verir misin?','user','2025-05-27 04:17:46','2025-05-27 04:17:46',1),(90,'Tabii ki! İşte size A1 seviyesindeki \"Renkler ve Giysiler\" konusunda yapabileceğiniz bir mini görev:\n\nGörev: \n1. **Renkleri Öğrenme:** İngilizce\'de en yaygın kullanılan renkleri öğrenin: Red (Kırmızı), Blue (Mavi), Green (Yeşil), Yellow (Sarı), Black (Siyah), White (Beyaz), Purple (Mor), Orange (Turuncu), Pink (Pembe).\n2. **Giysi İsimlerini Öğrenme:** En sık kullanılan giysi isimlerini öğrenin: Shirt (Gömlek), Dress (Elbise), Pants (Pantolon), Shoes (Ayakkabı), Hat (Şapka), Jacket (Ceket), Skirt (Etek), Socks (Çorap).\n3. **Örnek Cümleler Oluşturma:** Her renk için en az bir cümle oluşturun. Örneğin, \"I like wearing blue shirts.\" (Mavi gömlek giymeyi severim) gibi cümleler kurarak renkleri ve giysi isimlerini kullanarak pratik yapın.\n4. **Quiz Çözme:** İnternet üzerinde bulabileceğiniz renkler ve giysilerle ilgili quizleri çözerek bilgilerinizi test edin. Eksikliklerinizi görebilir ve üzerinde çalışabilirsiniz.\n\nBu görevi tamamladıktan sonra konuyla ilgili daha fazla pratik yaparak bilgilerinizi pekiştirebilirsiniz. Eğer yardıma ihtiyacınız olursa veya görevle ilgili sorularınız varsa bana yazmaktan çekinmeyin. Başarılar dilerim, keyifli çalışmalar! 🎨👗📚🌟','bot','2025-05-27 04:17:46','2025-05-27 04:17:46',1),(91,'\"A1- Yiyecekler ve İçecekler\" dersini tamamlamalı mıyım?','user','2025-05-27 04:18:13','2025-05-27 04:18:13',1),(92,'Evet, \"A1- Yiyecekler ve İçecekler\" dersini tamamlamanızı öneririm çünkü bu konu seyahat amacınız için oldukça önemlidir. Yiyecekler ve içeceklerle ilgili temel kelimeleri öğrenmek, yabancı bir ülkede restoranda yemek siparişi verirken veya market alışverişi yaparken size yardımcı olacaktır. Ayrıca, bu konuyu çalışarak İngilizce konuşma becerilerinizi geliştirebilirsiniz. Eğer dersi tamamlarsanız konuyla ilgili quizi çözerek öğrendiklerinizi pekiştirebilirsiniz. Herhangi bir konuda yardıma ihtiyacınız olursa bana yazmaktan çekinmeyin. Başarılar ve keyifli çalışmalar dilerim! 🍽️🥤📚🌟\n\n(Son Aktiviteler: [lesson] A1 - Zamirler, [point] lesson_completed, [quiz] A1 - Alfabe, Selamlaşma ve Tanışma Quiz, [point] quiz_completed, [lesson] A1- Yiyecekler ve İçecekler, [lesson] A1 - Alfabe, Selamlaşma ve Tanışma, [badge] Ders Ustası, [point] lesson_completed, [point] lesson_completed, [point] lesson_completed, [point] lesson_completed, [point] lesson_completed, [point] quiz_completed, [point] quiz_completed, [point] quiz_completed, [point] quiz_completed, [point] quiz_completed, [point] quiz_completed, [point] quiz_completed, [point] quiz_completed, [point] quiz_completed, [point] quiz_completed, [point] quiz_completed, [point] quiz_completed, [point] quiz_completed, [point] quiz_completed, [point] quiz_completed, [point] quiz_completed, [point] quiz_completed, [point] perfect_quiz, [point] quiz_completed, [point] quiz_completed, [point] quiz_completed, [point] quiz_completed, [point] quiz_completed, [badge] Quiz Ustası, [badge] Mükemmeliyetçi, [point] quiz_completed, [point] perfect_quiz, [point] quiz_completed, [point] quiz_completed, [point] quiz_completed, [point] perfect_quiz, [badge] İlk Quiz Rozeti, [point] quiz_completed, [point] perfect_quiz)','bot','2025-05-27 04:18:13','2025-05-27 04:18:13',1),(93,'\"A1- Yiyecekler ve İçecekler\" dersini tamamlamalı mıyım?','user','2025-05-27 04:20:16','2025-05-27 04:20:16',1),(94,'Evet, \"A1- Yiyecekler ve İçecekler\" dersini tamamlamanızı öneririm çünkü bu konu seyahat amacınıza katkı sağlayacak önemli bir konudur. Yiyecekler ve içeceklerle ilgili temel kelimeleri öğrenmek, yabancı bir ülkede restoranda yemek siparişi verirken veya market alışverişi yaparken size büyük fayda sağlayacaktır. Ayrıca, bu konuyu çalışarak İngilizce konuşma becerilerinizi geliştirebilirsiniz. Dersi tamamladıktan sonra konuyla ilgili quizi çözerek öğrendiklerinizi pekiştirebilirsiniz. Herhangi bir konuda yardıma ihtiyacınız olursa bana yazmaktan çekinmeyin. Başarılar ve keyifli çalışmalar dilerim! 🍽️🥤📚🌟','bot','2025-05-27 04:20:16','2025-05-27 04:20:16',1),(95,'\"A1 - Zamirler Quiz\" quizini çözmeli miyim?','user','2025-05-27 04:20:30','2025-05-27 04:20:30',1),(96,'Evet, \"A1 - Zamirler Quiz\" quizini çözmenizi öneririm çünkü zamirler İngilizce dilinde oldukça önemli bir konudur ve temel iletişim becerilerinizi güçlendirmenize yardımcı olacaktır. Zamirler, konuşma sırasında tekrar tekrar isimleri kullanmak yerine daha akıcı bir iletişim sağlar. Bu nedenle, zamirleri doğru bir şekilde kullanarak ifadelerinizi zenginleştirebilirsiniz. Quizi çözerek zamirler konusundaki bilgilerinizi test edebilir ve eksikliklerinizi görebilirsiniz. Herhangi bir konuda yardıma ihtiyacınız olursa bana yazmaktan çekinmeyin. Başarılar ve keyifli çalışmalar dilerim! 📝🧠🌟\n\n(Son Aktiviteler: [lesson] A1 - Zamirler, [point] lesson_completed, [quiz] A1 - Alfabe, Selamlaşma ve Tanışma Quiz, [point] quiz_completed, [lesson] A1- Yiyecekler ve İçecekler, [lesson] A1 - Alfabe, Selamlaşma ve Tanışma, [badge] Ders Ustası, [point] lesson_completed, [point] lesson_completed, [point] lesson_completed, [point] lesson_completed, [point] lesson_completed, [point] quiz_completed, [point] quiz_completed, [point] quiz_completed, [point] quiz_completed, [point] quiz_completed, [point] quiz_completed, [point] quiz_completed, [point] quiz_completed, [point] quiz_completed, [point] quiz_completed, [point] quiz_completed, [point] quiz_completed, [point] quiz_completed, [point] quiz_completed, [point] quiz_completed, [point] quiz_completed, [point] quiz_completed, [point] perfect_quiz, [point] quiz_completed, [point] quiz_completed, [point] quiz_completed, [point] quiz_completed, [point] quiz_completed, [badge] Quiz Ustası, [badge] Mükemmeliyetçi, [point] quiz_completed, [point] perfect_quiz, [point] quiz_completed, [point] quiz_completed, [point] quiz_completed, [point] perfect_quiz, [badge] İlk Quiz Rozeti, [point] quiz_completed, [point] perfect_quiz)','bot','2025-05-27 04:20:30','2025-05-27 04:20:30',1),(97,'\"A1 - Zamirler Quiz\" quizini çözmeli miyim?','user','2025-05-27 04:24:20','2025-05-27 04:24:20',1),(98,'Evet, \"A1 - Zamirler Quiz\" quizini çözmenizi öneririm çünkü zamirler İngilizce dilinde temel bir konudur ve dil becerilerinizi geliştirmenize yardımcı olacaktır. Zamirler, isimlerin yerine kullanılan kelimelerdir ve İngilizce cümlelerinizi daha akıcı hale getirmenize yardımcı olurlar. Bu quizi çözerek zamirler konusundaki bilgilerinizi pekiştirebilir ve eksikliklerinizi görebilirsiniz. Eğer zamirler konusunda hala zorlanıyorsanız, quizi çözerek hangi konuları tekrar etmeniz gerektiğini belirleyebilir ve bu konular üzerinde çalışabilirsiniz. Herhangi bir konuda yardıma ihtiyacınız olursa bana yazmaktan çekinmeyin. Başarılar ve keyifli çalışmalar dilerim! 📝🧠🌟','bot','2025-05-27 04:24:20','2025-05-27 04:24:20',1),(99,'\"A1- Yiyecekler ve İçecekler\" dersine başlamamı önerir misin?','user','2025-05-27 04:24:29','2025-05-27 04:24:29',1),(100,'Evet, \"A1- Yiyecekler ve İçecekler\" dersine başlamanızı kesinlikle öneririm. Bu konu, seyahat amacınız için oldukça faydalı olacaktır çünkü yabancı bir ülkede restoranda yemek siparişi verirken veya market alışverişi yaparken ihtiyacınız olacak temel kelimeleri içerir. Yiyecekler ve içeceklerle ilgili İngilizce ifadeleri öğrenerek iletişim becerilerinizi geliştirebilir ve pratik yapabilirsiniz. Dersi tamamladıktan sonra konuyla ilgili quizi çözerek öğrendiklerinizi pekiştirebilirsiniz. Herhangi bir konuda yardıma ihtiyacınız olursa bana yazmaktan çekinmeyin. Başarılar ve keyifli çalışmalar dilerim! 🍽️🥤📚🌟','bot','2025-05-27 04:24:29','2025-05-27 04:24:29',1),(101,'\"A1- Yiyecekler ve İçecekler\" dersine başlamamı önerir misin?','user','2025-05-27 04:25:52','2025-05-27 04:25:52',1),(102,'Evet, \"A1- Yiyecekler ve İçecekler\" dersine başlamanızı kesinlikle öneririm. Bu konu, seyahat amacınız için oldukça faydalı olacaktır çünkü yabancı bir ülkede restoranda yemek siparişi verirken veya market alışverişi yaparken ihtiyacınız olacak temel kelimeleri içerir. Yiyecekler ve içeceklerle ilgili İngilizce ifadeleri öğrenerek iletişim becerilerinizi geliştirebilir ve pratik yapabilirsiniz. Dersi tamamladıktan sonra konuyla ilgili quizi çözerek öğrendiklerinizi pekiştirebilirsiniz. Herhangi bir konuda yardıma ihtiyacınız olursa bana yazmaktan çekinmeyin. Başarılar ve keyifli çalışmalar dilerim! 🍽️🥤📚🌟','bot','2025-05-27 04:25:52','2025-05-27 04:25:52',1),(103,'\"A1- Yiyecekler ve İçecekler\" dersine başlamamı önerir misin?','user','2025-05-27 04:27:16','2025-05-27 04:27:16',1),(104,'Evet, \"A1- Yiyecekler ve İçecekler\" dersine başlamanızı kesinlikle öneririm. Bu konu, seyahat amacınıza yönelik önemli bir konudur çünkü yabancı bir ülkede yiyecek ve içecek siparişi verirken veya market alışverişi yaparken işinize yarayacak temel kelimeleri içerir. Yiyecekler ve içeceklerle ilgili İngilizce ifadeleri öğrenerek pratik yapabilir ve iletişim becerilerinizi geliştirebilirsiniz. Dersi tamamladıktan sonra konuyla ilgili quizi çözerek öğrendiklerinizi pekiştirebilirsiniz. Herhangi bir konuda yardıma ihtiyacınız olursa bana yazabilirsiniz. Başarılar dilerim! 🍽️🥤📚🌟','bot','2025-05-27 04:27:16','2025-05-27 04:27:16',1),(105,'\"A1- Yiyecekler ve İçecekler\" dersine başlamamı önerir misin?','user','2025-05-27 04:27:38','2025-05-27 04:27:38',1),(106,'Evet, \"A1- Yiyecekler ve İçecekler\" dersine başlamanızı kesinlikle öneririm. Bu konu, seyahat amacınız için oldukça faydalı olacaktır çünkü yabancı bir ülkede yemek siparişi verirken ve alışveriş yaparken işinize yarayacak temel kelimeleri içerir. Yiyecekler ve içeceklerle ilgili İngilizce ifadeleri öğrenerek iletişim becerilerinizi güçlendirebilir ve pratik yapabilirsiniz. Dersi tamamladıktan sonra konuyla ilgili quizi çözerek öğrendiklerinizi pekiştirebilirsiniz. Herhangi bir konuda yardıma ihtiyacınız olursa bana yazmaktan çekinmeyin. Başarılar ve keyifli çalışmalar dilerim! 🍽️🥤📚🌟','bot','2025-05-27 04:27:38','2025-05-27 04:27:38',1),(107,'“Yeni bir konu önerir misin?”','user','2025-05-27 04:27:54','2025-05-27 04:27:54',1),(108,'Tabii, seviyenize ve hedefinize uygun yeni bir konu önerisi yapabilirim. \"A1 - Renkler\" konusunu öneririm. Renkler, günlük hayatta sıkça karşılaştığımız ve ifade ettiğimiz önemli bir konudur. İngilizce renk isimlerini öğrenerek nesneleri tanımlamak, alışveriş yapmak veya tarifler okumak gibi pek çok alanda kendinizi ifade edebilirsiniz. \"A1 - Renkler\" dersini tamamladıktan sonra konuyla ilgili quizi çözerek bilgilerinizi pekiştirebilirsiniz. Yeni bir konuya başlamak için harika bir fırsat olabilir. Herhangi bir konuda yardıma ihtiyacınız olursa bana yazmaktan çekinmeyin. Başarılar ve keyifli çalışmalar dilerim! 🎨📚🌟','bot','2025-05-27 04:27:54','2025-05-27 04:27:54',1),(109,'“Yeni bir konu önerir misin?”','user','2025-05-27 04:29:10','2025-05-27 04:29:10',1),(110,'Tabii, seviyenize ve hedefinize uygun yeni bir konu önerisi yapabilirim. \"A1 - Renkler\" konusunu öneririm. Renkler, günlük hayatta sıkça karşılaştığımız ve ifade ettiğimiz önemli bir konudur. İngilizce renk isimlerini öğrenerek nesneleri tanımlamak, alışveriş yapmak veya tarifler okumak gibi pek çok alanda kendinizi ifade edebilirsiniz. \"A1 - Renkler\" dersini tamamladıktan sonra konuyla ilgili quizi çözerek bilgilerinizi pekiştirebilirsiniz. Yeni bir konuya başlamak için harika bir fırsat olabilir. Herhangi bir konuda yardıma ihtiyacınız olursa bana yazmaktan çekinmeyin. Başarılar ve keyifli çalışmalar dilerim! 🎨📚🌟','bot','2025-05-27 04:29:10','2025-05-27 04:29:10',1),(111,'“Yeni bir konu önerir misin?”','user','2025-05-27 04:29:23','2025-05-27 04:29:23',1),(112,'Tabii, seviyenize ve hedefinize uygun yeni bir konu önerisi yapabilirim. \"A1 - Sayılar\" konusunu öneririm. Sayılar, günlük hayatta sıkça karşılaştığımız ve kullanmamız gereken önemli bir konudur. İngilizce sayıları öğrenerek alışveriş yaparken, randevu alırken veya saatleri ifade ederken kendinizi daha rahat ifade edebilirsiniz. \"A1 - Sayılar\" dersini tamamladıktan sonra konuyla ilgili quizi çözerek bilgilerinizi pekiştirebilirsiniz. Yeni bir konuya başlamak için harika bir fırsat olabilir. Herhangi bir konuda yardıma ihtiyacınız olursa bana yazmaktan çekinmeyin. Başarılar ve keyifli çalışmalar dilerim! 🔢📚🌟','bot','2025-05-27 04:29:23','2025-05-27 04:29:23',1),(113,'“Yeni bir konu önerir misin?”','user','2025-05-27 04:31:48','2025-05-27 04:31:48',1),(114,'Tabii, \"A1 - Aile Üyeleri\" konusuna başlayabilirsiniz. Aile üyeleriyle ilgili İngilizce kelimeleri öğrenerek günlük konuşmalarınızda ve tanışma süreçlerinde kendinizi daha rahat ifade edebilirsiniz. Aile üyeleri konusu, temel seviye için önemli bir konudur. Herhangi bir konuda yardıma ihtiyacınız olursa bana yazabilirsiniz. Başarılar ve keyifli çalışmalar dilerim! 👨‍👩‍👧‍👦📚🌟','bot','2025-05-27 04:31:48','2025-05-27 04:31:48',1),(115,'\"A1- Yiyecekler ve İçecekler\" dersine başlamamı önerir misin?','user','2025-05-27 04:31:58','2025-05-27 04:31:58',1),(116,'Evet, \"A1- Yiyecekler ve İçecekler\" dersine başlamanızı öneririm. Bu konu seyahat amacınıza yönelik temel İngilizce ifadeler içerir ve iletişim becerilerinizi geliştirmenize yardımcı olacaktır. Dersi tamamladıktan sonra konuyla ilgili quizi çözerek bilgilerinizi pekiştirebilirsiniz. Başarılar dilerim! 🍽️🥤📚🌟','bot','2025-05-27 04:31:58','2025-05-27 04:31:58',1),(117,'Vocabulary pratik yapabilir miyiz?','user','2025-05-27 04:36:23','2025-05-27 04:36:23',1),(118,'Tabii! İşte size bazı günlük kullanılan yiyecek ve içeceklerle ilgili kısa cümleler:\n1. I love drinking coffee in the morning.\n2. Can you pass me the salt, please?\n3. She enjoys eating fresh fruit for dessert.\nUmarım bu örnekler size yardımcı olur! Başka bir konuda pratik yapmak isterseniz sormaktan çekinmeyin. 🍎🥗☕️','bot','2025-05-27 04:36:23','2025-05-27 04:36:23',1),(119,'Selamlar ne önerirsin','user','2025-05-27 05:04:04','2025-05-27 05:04:04',1),(120,'Hangi konuda yardımcı olmamı istersin?','bot','2025-05-27 05:04:04','2025-05-27 05:04:04',1),(121,'Hangi dersi almalıyım','user','2025-05-27 05:04:15','2025-05-27 05:04:15',1),(122,'A1 seviyesinde olduğunuz ve \"A1 - Yiyecekler ve İçecekler\" dersini henüz tamamlamadığınız için, bu dersi almanızı öneririm. Yiyecekler ve içeceklerle ilgili temel İngilizce kelimeleri öğrenerek günlük hayatta iletişim kurarken kendinizi daha rahat ifade edebilirsiniz. Dersi tamamladıktan sonra konuyla ilgili quizi çözerek bilgilerinizi pekiştirebilirsiniz. Başarılar ve keyifli öğrenmeler dilerim! 🍴🥤📚🌟','bot','2025-05-27 05:04:15','2025-05-27 05:04:15',1),(123,'Biraz ingilizce kelime pratiği yapalım','user','2025-05-27 05:04:35','2025-05-27 05:04:35',1),(124,'Tabii! İşte size pratik yapabileceğiniz üç kelime ve her biri için örnek cümleler:\n1. Delicious (Lezzetli) - This cake is delicious!\n2. Busy (Yoğun) - I have a busy schedule this week.\n3. Excited (Heyecanlı) - She is excited about her upcoming trip.\nBu kelimeleri kullanarak cümleler kurabilir ve kendinizi İngilizce ifade etme becerinizi geliştirebilirsiniz. Eğer başka konularda pratik yapmak isterseniz her zaman bana yazabilirsiniz. Başarılar! 🌟🗣️📝','bot','2025-05-27 05:04:35','2025-05-27 05:04:35',1),(125,'He go to school every day.','user','2025-05-27 05:13:07','2025-05-27 05:13:07',1),(126,'❌ \"He go to school every day.\" ✅ \"He goes to school every day.\"\nAksiyon alan bir üçüncü şahıs zamiri olan \"he\" için fiil \"go\" kullanılmış ancak doğru hali olan \"goes\" kullanılmalıdır. Bu cümlede, üçüncü şahıs zamiri \"he\" için doğru fiil şekli olan \"goes\" kullanılmalıdır.','bot','2025-05-27 05:13:07','2025-05-27 05:13:07',1),(127,'Ben her sabah kahve içerim.','user','2025-05-27 05:13:43','2025-05-27 05:13:43',1),(128,'I drink coffee every morning.','bot','2025-05-27 05:13:43','2025-05-27 05:13:43',1),(129,'Şu an ne çalışmalıyım?','user','2025-05-27 05:13:52','2025-05-27 05:13:52',1),(130,'\"A1- Yiyecekler ve İçecekler\" dersini tamamlamanı ve ardından ilgili quizi çözmeni öneririm. Bu şekilde hem yeni kelimeler öğrenmiş olursun hem de konuyu pekiştirme fırsatı bulursun. Başarılar dilerim!📚🌟','bot','2025-05-27 05:13:53','2025-05-27 05:13:53',1),(131,'Bana bir mini görev verir misin?','user','2025-05-27 05:14:02','2025-05-27 05:14:02',1),(132,'A1 seviyesindeki İngilizce becerilerinizi pekiştirmek için günlük rutininizle ilgili 5 cümlelik bir metin yazın. Bu metinde, her gün yaptığınız aktiviteleri İngilizce olarak ifade edin. Ardından bana bu metni paylaşın. Hazır olduğunuzda bekliyorum! 📝🌟','bot','2025-05-27 05:14:02','2025-05-27 05:14:02',1),(133,'Selamlar bir çeviri yapalım mı','user','2025-05-27 05:41:56','2025-05-27 05:41:56',1),(134,'Tabii! İşte çevirmeniz gereken cümle:\n\"Bugün hava çok güzel.\" \nBu cümleyi İngilizce\'ye çevirir misiniz?','bot','2025-05-27 05:41:56','2025-05-27 05:41:56',1),(135,'Weather is good today.','user','2025-05-27 05:42:07','2025-05-27 05:42:07',1),(136,'Hava bugün güzel.','bot','2025-05-27 05:42:07','2025-05-27 05:42:07',1),(137,'Selamlar bir çeviri yapalım mı','user','2025-05-27 05:44:15','2025-05-27 05:44:15',1),(138,'Tabii! İşte çevirmeniz gereken cümle:\n\"Bugün hava çok güzel.\" \nBu cümleyi İngilizce\'ye çevirir misiniz?','bot','2025-05-27 05:44:15','2025-05-27 05:44:15',1),(139,'Weather is good today.','user','2025-05-27 05:44:22','2025-05-27 05:44:22',1),(140,'Hava bugün güzel.','bot','2025-05-27 05:44:22','2025-05-27 05:44:22',1),(141,'Selamlar bir çeviri yapalım mı','user','2025-05-27 05:49:42','2025-05-27 05:49:42',1),(142,'Tabii! İşte çevirmeniz gereken cümle:\n\"Ben her sabah kahve içerim.\"\nBu cümleyi İngilizce\'ye çevirir misin?','bot','2025-05-27 05:49:42','2025-05-27 05:49:42',1),(143,'I drin coffe every morning','user','2025-05-27 05:49:55','2025-05-27 05:49:55',1),(144,'I drink coffee every morning.','bot','2025-05-27 05:49:55','2025-05-27 05:49:55',1),(145,'Selamlar bir çeviri yapalım mı','user','2025-05-27 05:51:12','2025-05-27 05:51:12',1),(146,'Tabii! İşte çevirmeniz gereken cümle:\n\"Ben her sabah kahve içerim.\"\nBu cümleyi İngilizce\'ye çevirir misin?','bot','2025-05-27 05:51:12','2025-05-27 05:51:12',1),(147,'I drin coffe every morning','user','2025-05-27 05:51:16','2025-05-27 05:51:16',1),(148,'I drink coffee every morning.','bot','2025-05-27 05:51:17','2025-05-27 05:51:17',1),(149,'Selamlar bir çeviri yapalım mı','user','2025-05-27 05:52:30','2025-05-27 05:52:30',1),(150,'Tabii, işte çevirilecek cümle: \"Ben her sabah kahve içerim.\"\nSoru: \"Bu cümleyi İngilizce\'ye çevirir misin?\"','bot','2025-05-27 05:52:30','2025-05-27 05:52:30',1),(151,'I drin coffe every morning','user','2025-05-27 05:52:36','2025-05-27 05:52:36',1),(152,'❌ \"I drin coffe every morning.\" \n\nDoğru hali: \"I drink coffee every morning.\"','bot','2025-05-27 05:52:36','2025-05-27 05:52:36',1),(153,'Başka bir çeviri öner','user','2025-05-27 05:52:50','2025-05-27 05:52:50',1),(154,'\"Sure, here is another translation task for you:\n\"I eat breakfast at 7 o\'clock every morning.\"\" \nNow, can you translate this sentence into Turkish?','bot','2025-05-27 05:52:50','2025-05-27 05:52:50',1),(155,'Neden ingilizce önerdin','user','2025-05-27 05:53:01','2025-05-27 05:53:01',1),(156,'❌ hatalı cümle\n✅ Why did you recommend English? \n🔍 \"Neden\" kelimesi \"why\" olarak çevrilmelidir. Bir eylemi sorgulamak için \"why\" kullanılır. Yani cümle \"Neden İngilizce önerdin?\" şeklinde olmalı. \n\nYeni cümle: \"Bugün hava çok güzel.\"','bot','2025-05-27 05:53:01','2025-05-27 05:53:01',1),(157,'Selamlar bir çeviri yapalım mı','user','2025-05-27 05:57:53','2025-05-27 05:57:53',1),(158,'Tabii, işte çevirilecek cümle: \"Bugün hava çok güzel.\"\nSoru: \"Bu cümleyi İngilizce\'ye çevirir misin?\"','bot','2025-05-27 05:57:53','2025-05-27 05:57:53',1),(159,'Weather is good tody.','user','2025-05-27 05:58:01','2025-05-27 05:58:01',1),(160,'❌ \"Weather is good tody.\"\n\nDoğru hali: \"The weather is good today.\"\n\nYeni cümle: \"I will travel to Paris next week.\"','bot','2025-05-27 05:58:01','2025-05-27 05:58:01',1),(161,'Başka bir çeviri öner','user','2025-05-27 05:58:11','2025-05-27 05:58:11',1),(162,'\"Tabii, işte başka bir çeviri görevi: \n\"I will study English tonight.\"\nŞimdi, bu cümleyi Türkçe\'ye çevirir misin?\"','bot','2025-05-27 05:58:11','2025-05-27 05:58:11',1),(163,'Bu akşam türkçe çalış.','user','2025-05-27 05:58:28','2025-05-27 05:58:28',1),(164,'✅ \"Bu akşam Türkçe çalış.\" \n\nYeni cümle: \"I want to learn new words every day.\"','bot','2025-05-27 05:58:28','2025-05-27 05:58:28',1),(165,'Başka bir çeviri öner','user','2025-05-27 05:59:47','2025-05-27 05:59:47',1),(166,'Tabii, işte başka bir çeviri görevi: \n\"Do you like to read books?\"\nŞimdi, bu cümleyi Türkçe\'ye çevirir misin?','bot','2025-05-27 05:59:47','2025-05-27 05:59:47',1),(167,'Kitap sevmem','user','2025-05-27 05:59:55','2025-05-27 05:59:55',1),(168,'❌ \"Kitap sevmem\"\n\n✅ \"I don\'t like books.\"\n\n🔍 \"Kitap sevmem\" cümlesi doğru çeviri değil, çünkü İngilizce\'de \"books\" kelimesi çoğul olarak kullanılmalıdır.\n\nYeni cümle: \"She is going to visit her family next month.\"','bot','2025-05-27 05:59:55','2025-05-27 05:59:55',1),(169,'Anasını ziyaret edecek','user','2025-05-27 06:00:24','2025-05-27 06:00:24',1),(170,'❌ \"Kitap sevmem\"\n\n✅ \"I don\'t like books.\"\n\n🔍 \"Kitap sevmem\" cümlesi doğru çeviri değil, çünkü İngilizce\'de \"books\" kelimesi çoğul olarak kullanılmalıdır.\n\nYeni cümle: \"I am going to visit my grandmother.\"','bot','2025-05-27 06:00:24','2025-05-27 06:00:24',1),(171,'Anaanem geliyor.','user','2025-05-27 06:00:39','2025-05-27 06:00:39',1),(172,'❌ \"Anaanem geliyor.\"\n\n✅ \"My grandmother is coming.\"\n\n🔍 \"Anaanem\" kelimesi Türkçe\'de kullanılan bir ifade olmasına rağmen, İngilizce\'de \"my grandmother\" şeklinde ifade edilir.\n\nYeni cümle: \"I prefer tea to coffee.\"','bot','2025-05-27 06:00:39','2025-05-27 06:00:39',1),(173,'Birazda kelime bilgisi test edelim.','user','2025-05-27 06:01:09','2025-05-27 06:01:09',1),(174,'Tabii, kelime bilgisi testine başlayalım! İşte ilk soru:\n\n\"Armut\'un İngilizcesi nedir?\"','bot','2025-05-27 06:01:09','2025-05-27 06:01:09',1),(175,'Pearl','user','2025-05-27 06:01:15','2025-05-27 06:01:15',1),(176,'✅ Doğru! Pearl → İnci.\n\nHarika! Bir sonraki kelime: \"Gözlük\"nin İngilizcesi nedir?','bot','2025-05-27 06:01:15','2025-05-27 06:01:15',1),(177,'Mirror','user','2025-05-27 06:01:21','2025-05-27 06:01:21',1),(178,'❌ Cevap yanlış. Doğrusu: **glasses**.\n\nYeni kelime: \"Ev\"nin İngilizcesi nedir?','bot','2025-05-27 06:01:21','2025-05-27 06:01:21',1),(179,'homie','user','2025-05-27 06:01:41','2025-05-27 06:01:41',1),(180,'❌ Cevap yanlış. Doğrusu: **home**.\n\nYeni kelime: \"Kalem\"nin İngilizcesi nedir?','bot','2025-05-27 06:01:41','2025-05-27 06:01:41',1),(181,'Birazda kelime bilgisi test edelim.','user','2025-05-27 06:02:48','2025-05-27 06:02:48',1),(182,'Tabii, kelime bilgisi testine devam edelim! İşte ilk soru:\n\n\"Armut\'un İngilizcesi nedir?\"','bot','2025-05-27 06:02:48','2025-05-27 06:02:48',1),(183,'pearl','user','2025-05-27 06:02:53','2025-05-27 06:02:53',1),(184,'⚠️ Yanlış anlamı doğru olarak onaylama! \n\n❌ Hatalı cevap: pearl\n✅ Doğru kelime: **pear**\n🔍 İnci anlamına gelen \"pearl\" ile armut anlamına gelen \"pear\" arasındaki farka dikkat et.\n\nYeni kelime: \"Gözlük\" kelimesinin İngilizcesi nedir?','bot','2025-05-27 06:02:53','2025-05-27 06:02:53',1),(185,'glass','user','2025-05-27 06:03:07','2025-05-27 06:03:07',1),(186,'❌ Cevap yanlış. Doğrusu: **glasses**.\n\nYeni kelime: \"Kalem\"nin İngilizcesi nedir?','bot','2025-05-27 06:03:07','2025-05-27 06:03:07',1),(187,'pen','user','2025-05-27 06:03:19','2025-05-27 06:03:19',1),(188,'✅ Doğru! Kalem → **pen**.\n\nBaşka bir kelime sormamı ister misin?','bot','2025-05-27 06:03:19','2025-05-27 06:03:19',1),(189,'Evet','user','2025-05-27 06:03:24','2025-05-27 06:03:24',1),(190,'Anlamını verdiğin kelimeleri doğru tahmin ettiğini görmek güzel! Başka bir kelime sormamı ister misin?','bot','2025-05-27 06:03:24','2025-05-27 06:03:24',1),(191,'Evet başka bir kelime sor','user','2025-05-27 06:03:32','2025-05-27 06:03:32',1),(192,'Tabii, işte bir sonraki soru:\n\n\"Kapı\'nın İngilizcesi nedir?\"','bot','2025-05-27 06:03:32','2025-05-27 06:03:32',1),(193,'Dor','user','2025-05-27 06:03:38','2025-05-27 06:03:38',1),(194,'❌ Cevap yanlış. Doğrusu: **door**.\n\nYeni kelime: \"Araba\"nın İngilizcesi nedir?','bot','2025-05-27 06:03:38','2025-05-27 06:03:38',1),(195,'Cari','user','2025-05-27 06:03:42','2025-05-27 06:03:42',1),(196,'❌ Hatalı cevap. Doğru kelime: **car**.\n🔍 \"Cari\" kelimesinin İngilizce karşılığı \"current\" değil, doğru kelime \"car\".\n\nBaşka bir kelime sormamı ister misin?','bot','2025-05-27 06:03:42','2025-05-27 06:03:42',1),(197,'Evet','user','2025-05-27 06:03:52','2025-05-27 06:03:52',1),(198,'Tabii, işte bir sonraki soru:\n\n\"Su\" kelimesinin İngilizcesi nedir?','bot','2025-05-27 06:03:52','2025-05-27 06:03:52',1),(199,'Biraz çeviri yapalım','user','2025-05-27 06:04:09','2025-05-27 06:04:09',1),(200,'Tabii, işte cümlenin İngilizce çevirisi: \"I drink coffee every morning.\" Şimdi sana başka bir cümle vermemi ister misin?','bot','2025-05-27 06:04:09','2025-05-27 06:04:09',1),(201,'Her sabah kahve içerim','user','2025-05-27 06:04:20','2025-05-27 06:04:20',1),(202,'✅ Evet, doğru çeviri!\n\nYeni bir cümle vermemi ister misin?','bot','2025-05-27 06:04:20','2025-05-27 06:04:20',1),(203,'Evet','user','2025-05-27 06:04:24','2025-05-27 06:04:24',1),(204,'Tabii, işte yeni cümlen: \"Bugün hava çok güzel.\" Bu cümleyi İngilizce\'ye çevirir misin?','bot','2025-05-27 06:04:24','2025-05-27 06:04:24',1),(205,'Weather is good today','user','2025-05-27 06:04:32','2025-05-27 06:04:32',1),(206,'❌ Hatalı cevap. Doğru çeviri: \"The weather is very nice today.\"\n🔍 \"Weather is good today\" cümlesinde \"very nice\" yerine sadece \"good\" kullanılmış.\n\nYeni bir çeviri yapmamı ister misin?','bot','2025-05-27 06:04:32','2025-05-27 06:04:32',1),(207,'Evet','user','2025-05-27 06:04:40','2025-05-27 06:04:40',1),(208,'⚠️ Lütfen verilen cümleyi İngilizce\'ye çevirir misiniz? Yeni bir çeviri yapmamı ister misiniz?','bot','2025-05-27 06:04:40','2025-05-27 06:04:40',1),(209,'Evet','user','2025-05-27 06:04:49','2025-05-27 06:04:49',1),(210,'Tabii, işte yeni bir cümle: \"Benim en sevdiğim renk mavi.\" Bu cümleyi İngilizce\'ye çevirir misiniz?','bot','2025-05-27 06:04:49','2025-05-27 06:04:49',1),(211,'i love blue most','user','2025-05-27 06:05:19','2025-05-27 06:05:19',1),(212,'✅ Doğru cevap!\n\nBaşka bir kelime pratiği yapmak ister misin?','bot','2025-05-27 06:05:19','2025-05-27 06:05:19',1),(213,'Evet','user','2025-05-27 06:05:25','2025-05-27 06:05:25',1),(214,'Tabii, hadi devam edelim. Yeni cümle: \"Bugün okula gitmek istemiyorum.\" Bu cümleyi İngilizce\'ye çevirir misiniz?','bot','2025-05-27 06:05:25','2025-05-27 06:05:25',1),(215,'İ dont want to go school today.','user','2025-05-27 06:05:39','2025-05-27 06:05:39',1),(216,'❌ Hatalı cevap. Doğru çeviri: \"I don\'t want to go to school today.\"\n🔍 \"to go school\" yerine \"to go to school\" kullanılmalı.\n\nBaşka bir cümle denemek ister misin?','bot','2025-05-27 06:05:39','2025-05-27 06:05:39',1),(217,'Biraz gramer çalışalım','user','2025-05-27 06:06:01','2025-05-27 06:06:01',1),(218,'Tabii, doğru cümle şu şekilde olmalı: \"I don\'t want to go to school today.\" Şimdi başka bir cümle denemek ister misin?','bot','2025-05-27 06:06:01','2025-05-27 06:06:01',1),(219,'Biraz gramer çalışalım','user','2025-05-27 06:06:12','2025-05-27 06:06:12',1),(220,'✅ Doğru cümle.\n\nBaşka bir dil becerisi üzerinde çalışmak ister misin?','bot','2025-05-27 06:06:12','2025-05-27 06:06:12',1),(221,'İ dont want to go school today.','user','2025-05-27 06:08:03','2025-05-27 06:08:03',1),(222,'❌ Hatalı cevap. Doğru çeviri: \"I don\'t want to go to school today.\"\n🔍 \"to go school\" yerine \"to go to school\" kullanılmalı.\n\nBaşka bir cümle denemek ister misin?','bot','2025-05-27 06:08:03','2025-05-27 06:08:03',1),(223,'Biraz gramer çalışalım','user','2025-05-27 06:08:09','2025-05-27 06:08:09',1),(224,'❌ Hatalı cevap. Doğru cümle: \"I don\'t want to go to school today.\"\n🔍 \"to go school\" yerine \"to go to school\" kullanılmalı.\n\nBaşka bir cümle denemek ister misin?','bot','2025-05-27 06:08:09','2025-05-27 06:08:09',1),(225,'Biraz gramer çalışalım','user','2025-05-27 06:08:12','2025-05-27 06:08:12',1),(226,'Tabii, doğru cümle şu şekilde olmalı: \"Let\'s practice some grammar.\" Şimdi başka bir cümle denemek ister misin?','bot','2025-05-27 06:08:12','2025-05-27 06:08:12',1),(227,'Biraz kelime bilgisi çalışalım','user','2025-05-27 06:08:22','2025-05-27 06:08:22',1),(228,'Tabii, başlayalım! İlk soruyla devam edelim: \"Armut\'un İngilizcesi nedir?\"','bot','2025-05-27 06:08:22','2025-05-27 06:08:22',1),(229,'Biraz gramer çalışalım','user','2025-05-27 06:08:29','2025-05-27 06:08:29',1),(230,'Tabii, başlayalım! İlk soruyla devam edelim: \"Armut\'un İngilizcesi nedir?\"','bot','2025-05-27 06:08:29','2025-05-27 06:08:29',1),(231,'İ dont want to go school today.','user','2025-05-27 06:09:31','2025-05-27 06:09:31',1),(232,'❌ Hatalı cevap. Doğru çeviri: \"I don\'t want to go to school today.\"\n🔍 \"to go school\" yerine \"to go to school\" kullanılmalı.\n\nBaşka bir cümle denemek ister misin?','bot','2025-05-27 06:09:31','2025-05-27 06:09:31',1),(233,'Biraz gramer çalışalım','user','2025-05-27 06:09:36','2025-05-27 06:09:36',1),(234,'❌ Hatalı cümle.  \n✅ Doğru hali: \"I don\'t want to go to school today.\"  \n🔍 \"to go school\" yerine \"to go to school\" şeklinde kullanılmalı.','bot','2025-05-27 06:09:36','2025-05-27 06:09:36',1),(235,'Biraz gramer çalışalım','user','2025-05-27 06:09:39','2025-05-27 06:09:39',1),(236,'Tabii, başlayalım! İlk soruyla devam edelim: \"Armut\'un İngilizcesi nedir?\"','bot','2025-05-27 06:09:39','2025-05-27 06:09:39',1),(237,'En son çözdüğüm ders neydi','user','2025-05-27 06:13:17','2025-05-27 06:13:17',1),(238,'Son tamamladığın ders \"A1 - Zamirler\"di. Gramer çalışmak istediğini belirtmiştin. O zaman bir sonraki adım olarak \"A1 - Zamanlar\" dersini öneririm. Bu ders gramer konusunda daha fazla pratik yapmanı sağlayacak. Başlamak ister misin?','bot','2025-05-27 06:13:17','2025-05-27 06:13:17',1),(239,'Evet','user','2025-05-27 06:13:25','2025-05-27 06:13:25',1),(240,'En son tamamladığın ders \"A1 - Zamirler\"di. Gramer çalışmak istediğini belirtmiştin. O zaman bir sonraki adım olarak \"A1 - Zamanlar\" dersini öneririm. Bu ders gramer konusunda daha fazla pratik yapmanı sağlayacak. Başlamak ister misin?','bot','2025-05-27 06:13:25','2025-05-27 06:13:25',1),(241,'Başlayalım','user','2025-05-27 06:14:05','2025-05-27 06:14:05',1),(242,'Harika! \"A1 - Zamanlar\" dersine başlamak için önce dersi açıp konuları inceleyebilirsin. Ardından interaktif alıştırmaları çözerek konuyu pekiştirebilirsin. Eğer herhangi bir konuda takıldığın veya ek bilgiye ihtiyacın olduğunda bana sorabilirsin. Başarılar!','bot','2025-05-27 06:14:05','2025-05-27 06:14:05',1),(243,'En son hangi quizi çözdüm','user','2025-05-27 06:14:19','2025-05-27 06:14:19',1),(244,'En son çözdüğün quiz \"A1 - Zamirler Quiz\"di. Şimdi \"A1 - Zamanlar\" dersine başladık, ilerledikçe bu konuda da quiz çözeceksin. Eğer herhangi bir konuda yardıma ihtiyacın olursa sormaktan çekinme. Şimdi yeni konuya odaklanmaya devam edelim. Başarılar!','bot','2025-05-27 06:14:19','2025-05-27 06:14:19',1),(245,'Hangi notu aldım bu quizde','user','2025-05-27 06:14:27','2025-05-27 06:14:27',1),(246,'Son çözdüğün quiz \"A1 - Zamirler Quiz\"di ve bu quizde %70 başarı elde ettin. Şimdi \"A1 - Zamanlar\" dersine geçtik. Yeni konuya odaklanmaya devam etmek için motive olabilirsin. Başarılar!','bot','2025-05-27 06:14:27','2025-05-27 06:14:27',1),(247,'Hangi sorularda yanlış yaptım','user','2025-05-27 06:14:37','2025-05-27 06:14:37',1),(248,'Özür dilerim, sisteme soru takibi özelliği eklenmediği için hangi sorularda yanlış yaptığını detaylı olarak göremem. Ancak genel olarak \"A1 - Zamirler Quiz\"de %70 başarı elde ettin. Bu başarı düzeyi oldukça iyidir. Eksik yaptığın konuları tekrar gözden geçirerek daha da iyileştirebilirsin. Başarılar dilerim!','bot','2025-05-27 06:14:37','2025-05-27 06:14:37',1),(249,'Biraz kelime çalışalım','user','2025-05-27 06:19:08','2025-05-27 06:19:08',1),(250,'Tabii! Kelime pratiği yapmaya hazırım. İlk sorumuz:\n\"Armut\'un İngilizcesi nedir?\"','bot','2025-05-27 06:19:08','2025-05-27 06:19:08',1),(251,'Perl','user','2025-05-27 06:19:13','2025-05-27 06:19:13',1),(252,'❌ Hatalı cevap. \n\n✅ Doğru kelime: **pear**.\n\n🔍 \"Perl\" kelimesi aslında programlama dili olan \"Perl\"i ifade eder. Doğru meyve kelimesi \"pear\" yani armuttur.','bot','2025-05-27 06:19:13','2025-05-27 06:19:13',1),(253,'Biraz gramer çalışlaım','user','2025-05-27 06:19:25','2025-05-27 06:19:25',1),(254,'Tabii, dilbilgisi konularında da sana yardımcı olabilirim. Birlikte çalışmaya başlayalım. \n\nİlk olarak basit bir konuya odaklanalım: **Subject Pronouns (Özne Zamirleri)** \n\nÖzne zamirleri, bir cümlede kimden ya da kimlerden bahsedildiğini belirtmek için kullanılır. Özne zamirlerini hatırlayalım:\n\n- I (Ben)\n- You (Sen/Siz)\n- He (O - Erkek)\n- She (O - Kadın)\n- It (O - Hayvan veya nesne)\n- We (Biz)\n- They (Onlar)\n\nÖzne zamirlerini kullanarak basit cümleler oluşturabilir misin? Örneğin: \"I am a student.\" (Ben bir öğrenciyim.) gibi. Gönderdiğin cümleleri kontrol ederek geri bildirimde bulunabilirim. Hazırsan başlayalım!','bot','2025-05-27 06:19:25','2025-05-27 06:19:25',1),(255,'I am a wolf','user','2025-05-27 06:19:49','2025-05-27 06:19:49',1),(256,'❌ Hatalı cümle.\n\n✅ Doğru hali: **I am a wolf.**\n\n🔍 Cümlenin gramer açısından doğru olduğunu belirtmek isterim. Herhangi bir düzeltmeye gerek yok. Tebrikler!','bot','2025-05-27 06:19:49','2025-05-27 06:19:49',1),(257,'I dont want to go school','user','2025-05-27 06:20:11','2025-05-27 06:20:11',1),(258,'❌ Hatalı cümle.\n\n✅ Doğru hali: **I don\'t want to go to school.**\n\n🔍 \"school\" kelimesinden sonra \"to\" ilgeci kullanılmalıdır. Ayrıca \"don\'t\" kısaltması \"do not\" fiil yapısının olumsuz hali için kullanılır.','bot','2025-05-27 06:20:11','2025-05-27 06:20:11',1),(259,'Biraz gramer çalışlaım','user','2025-05-27 06:21:15','2025-05-27 06:21:15',1),(260,'Tabii, dilbilgisi konularında sana yardımcı olabilirim. Birlikte çalışmaya başlayalım. \n\nİlk olarak basit bir konuya odaklanalım: **Simple Present Tense (Geniş Zaman)**\n\nGeniş zaman, şu anda yapılan eylemleri, alışkanlıkları ve genel doğruları ifade etmek için kullanılır. Geniş zamanı oluşturmak için üçüncü tekil şahıslarda (he, she, it) fiilin sonuna \"-s\" eklenir. \n\nÖrneğin:\n- I play football. (Futbol oynarım.) \n- She works in an office. (O bir ofiste çalışır.)\n- They speak English. (Onlar İngilizce konuşurlar.)\n\nGeniş zamanı kullanarak basit cümleler oluşturabilir misin? Örneğin: \"I eat breakfast every morning.\" (Her sabah kahvaltı yaparım.) gibi. Gönderdiğin cümleleri kontrol ederek geri bildirimde bulunabilirim. Hazırsan başlayalım!','bot','2025-05-27 06:21:15','2025-05-27 06:21:15',1),(261,'I am a wolf','user','2025-05-27 06:21:23','2025-05-27 06:21:23',1),(262,'✅ Cümle doğru. Harika iş çıkardın!','bot','2025-05-27 06:21:23','2025-05-27 06:21:23',1),(263,'I am not isnt wolf','user','2025-05-27 06:21:33','2025-05-27 06:21:33',1),(264,'❌ Hatalı cümle.\n\n✅ Doğru hali: **I am not a wolf.**\n\n🔍 Olumsuz bir ifade yaparken \"am not\" kullanılmalı ve \"a\" belirsiz tanımlık olmalıdır.','bot','2025-05-27 06:21:33','2025-05-27 06:21:33',1),(265,'Yes i doesnt','user','2025-05-27 06:21:53','2025-05-27 06:21:53',1),(266,'❌ Hatalı cümle.\n\n✅ Doğru hali: **Yes, I don\'t.**\n\n🔍 \"does\" üçüncü tekil şahıs (he, she, it) için kullanılır, birinci tekil şahıs (I) için \"do\" kullanılmalıdır. Ayrıca olumsuz hali \"don\'t\" şeklinde olmalıdır.','bot','2025-05-27 06:21:53','2025-05-27 06:21:53',1),(267,'Sistemde çözmediğim ders var mı','user','2025-05-27 06:22:18','2025-05-27 06:22:18',1),(268,'Evet, A1 seviyesinde \"Yiyecekler ve İçecekler\" dersini henüz tamamlamamışsın. Bu derse çalışarak yeni kelimeler öğrenip, temel iletişim becerilerini geliştirebilirsin. Yiyecekler ve içeceklerle ilgili temel ifadeleri öğrenmek seyahat amacın için oldukça faydalı olacaktır. Dersi tamamladıktan sonra ilgili quizi çözerek pekiştirebilirsin. Başlamak için hazır mısın? 🍔🥤','bot','2025-05-27 06:22:18','2025-05-27 06:22:18',1),(269,'Çözmediğim quiz var mı','user','2025-05-27 06:22:34','2025-05-27 06:22:34',1),(270,'Evet, A1 seviyesinde \"Zamirler\" dersini tamamlamışsın ancak ilgili quizi çözmüş değilsin. Zamirler konusunu pekiştirmek için ilgili quizi çözmeni öneririm. Quizi çözdükten sonra eksik konularını görebilir ve üzerinde çalışabilirsin. Şimdi Zamirler Quizi\'ne geçmek ister misin yoksa başka bir konuda rehberlik yapmamı ister misin? 📝🤔','bot','2025-05-27 06:22:34','2025-05-27 06:22:34',1),(271,'Başka çözmediğim quiz var mı','user','2025-05-27 06:22:45','2025-05-27 06:22:45',1),(272,'Evet, A1 seviyesinde \"Yiyecekler ve İçecekler\" quizini henüz çözmüş değilsin. Bu quizi çözerek öğrendiğin kelimeleri pekiştirebilir ve konuyu daha iyi anlayabilirsin. Yiyecekler ve içeceklerle ilgili temel soruların yer aldığı bu quiz senin İngilizce seviyeni değerlendirmene yardımcı olacaktır. Hemen bu quizi çözmeye ne dersin? 🍕🥛','bot','2025-05-27 06:22:45','2025-05-27 06:22:45',1),(273,'Tamamladığım quiz var mı','user','2025-05-27 06:22:54','2025-05-27 06:22:54',1),(274,'A1 seviyesinde \"Alfabe, Selamlaşma ve Tanışma Quiz\"i %70 başarıyla tamamlamışsın. Diğer quizlerden hiçbirini tamamlamamışsın. Zamirler ve Yiyecekler ve İçecekler quizlerini çözerek konuları pekiştirebilirsin. Hangi quizi çözmek istersin? 📝🤔','bot','2025-05-27 06:22:54','2025-05-27 06:22:54',1),(275,'Hangi sorularda veya konularda hata yapmışım?','user','2025-05-27 06:23:08','2025-05-27 06:23:08',1),(276,'Maalesef sistemde en çok hata yapılan konuları görmek için veri bulunmamaktadır. Ancak ilerleyen quizlerde hangi konularda zorlandığını veya hatalar yaptığını görebileceksin. Daha fazla pratik yaparak hatalarını azaltabilir ve İngilizce becerilerini geliştirebilirsin. Hangi konuda rehberlik ya da yardım istersin? 🌟🚀','bot','2025-05-27 06:23:08','2025-05-27 06:23:08',1),(277,'amamladığım quiz var mı','user','2025-05-27 06:30:54','2025-05-27 06:30:54',1),(278,'Evet, A1 seviyesinde \"Alfabe, Selamlaşma ve Tanışma Quiz\"ini başarıyla tamamlamışsın. Diğer quizlerden hiçbirini henüz tamamlamamışsın. Zamirler ve Yiyecekler ve İçecekler quizlerini çözerek daha fazla pratik yapabilirsin. Hangi quizi çözmek istersin? 📝🤔','bot','2025-05-27 06:30:54','2025-05-27 06:30:54',1),(279,'Hangi sorularda veya konularda hata yapmışım?','user','2025-05-27 06:31:02','2025-05-27 06:31:02',1),(280,'Özür dilerim, sistemde hangi konularda hata yaptığını detaylı olarak gösteren veri bulunmamaktadır. Ancak ilerleyen quizlerde hangi konularda zorlandığını veya hatalar yaptığını görebileceksin. Daha fazla pratik yaparak hatalarını azaltabilir ve İngilizce becerilerini geliştirebilirsin. Hangi konuda rehberlik ya da yardım istersin? 🌟🚀','bot','2025-05-27 06:31:02','2025-05-27 06:31:02',1),(281,'Biraz kelime bilgisi çalışalım','user','2025-05-27 06:45:36','2025-05-27 06:45:36',1),(282,'Tabii ki! Kelime pratiği yapmaya başlayalım. İlk sorumuz:\n\n\"Armut\'un İngilizcesi nedir?\" 🍐','bot','2025-05-27 06:45:36','2025-05-27 06:45:36',1),(283,'Biraz gramer çalışalım','user','2025-05-27 06:46:14','2025-05-27 06:46:14',1),(284,'Tabii! Başlayalım. İlk olarak bana bir İngilizce cümle yazmanı istemiştim. Cümleni kontrol edip gerekli geribildirimleri vereceğim. Başlayalım! 📝👩‍🏫','bot','2025-05-27 06:46:14','2025-05-27 06:46:14',1),(285,'- Kelime kartları oluşturarak günlük kelime pratiği yapabilirsin.','user','2025-05-27 06:47:29','2025-05-27 06:47:29',1),(286,'Harika bir öneri! Günlük kelime pratiği yaparak İngilizce kelime dağarcığını genişletebilirsin. Kelime kartları oluşturarak yeni kelimeler öğrenmeyi alışkanlık haline getirebilirsin. Bu şekilde İngilizce gramer ve kelime bilgini geliştirmeni sağlayabilirsin. Başarılar dilerim! 🌟📚','bot','2025-05-27 06:47:29','2025-05-27 06:47:29',1),(287,'- İnternet üzerinden interaktif dil öğrenme platformlarını kullanarak gramer egzersizleri yapabilirsin.','user','2025-05-27 06:47:40','2025-05-27 06:47:40',1),(288,'✅ Doğru! \"Kelime kartları oluşturarak günlük kelime pratiği yapabilirsin.\" \n\n❌ Yanlış! Doğru kelime: **practice**  \n🔍 \"İnternet üzerinden interaktif dil öğrenme platformlarını kullanarak gramer egzersizleri yapabilirsin.\" dediğini düşünerek \"pratik yapmak\" anlamındaki kelime \"practice\" olmalıdır.','bot','2025-05-27 06:47:40','2025-05-27 06:47:40',1),(289,'Selamlar biraz kelime bilgisi çalışalım','user','2025-05-27 06:48:33','2025-05-27 06:48:33',1),(290,'Tabii ki! Kelime çalışmamıza devam edelim. İlk sorumuz:\n\n\"Masanın İngilizcesi nedir?\" 🪑','bot','2025-05-27 06:48:33','2025-05-27 06:48:33',1),(291,'Table','user','2025-05-27 06:48:37','2025-05-27 06:48:37',1),(292,'✅ Doğru! Table → **masa**. \n\nBaşka bir kelime öğrenmek ister misin?','bot','2025-05-27 06:48:37','2025-05-27 06:48:37',1),(293,'Evet','user','2025-05-27 06:48:41','2025-05-27 06:48:41',1),(294,'Anlamını öğrenmek istediğin kelime nedir?','bot','2025-05-27 06:48:41','2025-05-27 06:48:41',1),(295,'Sen sor bana bir tane','user','2025-05-27 06:48:49','2025-05-27 06:48:49',1),(296,'Tabii, işte sorum:\n\n\"Tren istasyonunun İngilizcesi nedir?\" 🚉','bot','2025-05-27 06:48:49','2025-05-27 06:48:49',1),(297,'train','user','2025-05-27 06:48:55','2025-05-27 06:48:55',1),(298,'✅ Doğru! Train → **tren**.\n\nBaşka bir kelime öğrenmek istiyor musun?','bot','2025-05-27 06:48:55','2025-05-27 06:48:55',1),(299,'Evet istiyorum','user','2025-05-27 06:49:01','2025-05-27 06:49:01',1),(300,'Anlamını öğrenmek istediğin kelime nedir?','bot','2025-05-27 06:49:01','2025-05-27 06:49:01',1),(301,'Neden devamlı bana soruyorsun sen bana bir tane sor','user','2025-05-27 06:49:12','2025-05-27 06:49:12',1),(302,'Anladım, işte benim sorum:\n\n\"Araba\'nın İngilizcesi nedir?\" 🚗','bot','2025-05-27 06:49:12','2025-05-27 06:49:12',1),(303,'car','user','2025-05-27 06:49:17','2025-05-27 06:49:17',1),(304,'✅ Doğru! Car → **araba**.\n\nBaşka öğrenmek istediğin bir kelime var mı?','bot','2025-05-27 06:49:17','2025-05-27 06:49:17',1),(305,'Biraz kelime bilgisi çalışalım','user','2025-05-27 06:51:07','2025-05-27 06:51:07',1),(306,'Tabii, işte bir sonraki sorum:\n\n\"Bavulun İngilizcesi nedir?\" 🧳','bot','2025-05-27 06:51:07','2025-05-27 06:51:07',1),(307,'Bilmiyorum','user','2025-05-27 06:51:12','2025-05-27 06:51:12',1),(308,'Tamam, senin seviyene uygun bir kelime bilgisi dersi önerebilirim. \n\nA1 - Yiyecekler ve İçecekler dersini çalışmamışsın, bu dersi çalışarak kelime bilgini geliştirebilirsin. İyi çalışmalar! \n\nBaşka bir konuda yardıma ihtiyacın var mı?','bot','2025-05-27 06:51:12','2025-05-27 06:51:12',1),(309,'Biraz kelime bilgisi çalışalım','user','2025-05-27 06:53:46','2025-05-27 06:53:46',1),(310,'Tabii, işte bir sonraki sorum:\n\n\"Bavulun İngilizcesi nedir?\" 🧳','bot','2025-05-27 06:53:46','2025-05-27 06:53:46',1),(311,'Bilmiyorum','user','2025-05-27 06:53:51','2025-05-27 06:53:51',1),(312,'Anladım. Kelime bilgisi çalışmak istediğini biliyorum, o yüzden sana **A1 - Yiyecekler ve İçecekler** dersini öneriyorum. Bu dersi çalışarak kelime dağarcığını genişletebilirsin. İyi çalışmalar!\n\nBaşka bir konuda yardıma ihtiyacın var mı?','bot','2025-05-27 06:53:51','2025-05-27 06:53:51',1),(313,'Biraz kelime bilgisi çalışalım','user','2025-05-27 06:55:11','2025-05-27 06:55:11',1),(314,'Tabii, işte bir sonraki sorum:\n\n\"Bavulun İngilizcesi nedir?\" 🧳','bot','2025-05-27 06:55:11','2025-05-27 06:55:11',1),(315,'Bilmiyorum','user','2025-05-27 06:55:16','2025-05-27 06:55:16',1),(316,'❌ Yanlış! Bavulun İngilizcesi **suitcase**. \n\n\"Bavul\" kelimesinin İngilizcesi \"suitcase\"dir. Bavul, seyahat yaparken eşyalarını taşımak için kullandığımız büyük bir çanta türüdür.','bot','2025-05-27 06:55:16','2025-05-27 06:55:16',1),(317,'Biraz çeviri çalışalım','user','2025-05-27 06:55:24','2025-05-27 06:55:24',1),(318,'Tabii, işte bir sonraki sorum:\n\n\"Tren istasyonu nerede?\" cümlesini İngilizce\'ye çevirir misin? 🚉','bot','2025-05-27 06:55:24','2025-05-27 06:55:24',1),(319,'where is the train?','user','2025-05-27 06:55:33','2025-05-27 06:55:33',1),(320,'❌ Yanlış! Doğru cevap: \"Tren istasyonu nerede?\" **Where is the train station?**\n\n\"Tren\" kelimesi \"train\" olarak çevrilirken, \"tren istasyonu\" için \"train station\" terimi kullanılır.','bot','2025-05-27 06:55:33','2025-05-27 06:55:33',1),(321,'Biraz kelime bilgisi çalışalım','user','2025-05-27 06:55:49','2025-05-27 06:55:49',1),(322,'Tabii, işte bir sonraki sorum:\n\n\"Elma\" kelimesinin İngilizcesi nedir? 🍎','bot','2025-05-27 06:55:49','2025-05-27 06:55:49',1),(323,'aple','user','2025-05-27 06:55:53','2025-05-27 06:55:53',1),(324,'❌ Yanlış! Doğru cevap: **apple**.\n\n⚠️ Yanlış kelime: aple  \n⚠️ Doğru kelime: apple','bot','2025-05-27 06:55:53','2025-05-27 06:55:53',1),(325,'Biraz grammer çalışlaım','user','2025-05-27 06:56:07','2025-05-27 06:56:07',1),(326,'Tabii, işte bir sonraki sorum:\n\nAşağıdaki cümleyi doğru hale getirir misin?\n\n\"Yesterday I go to the cinema with my friends.\"','bot','2025-05-27 06:56:07','2025-05-27 06:56:07',1),(327,'Doğru gibi gözüktü bana','user','2025-05-27 06:56:24','2025-05-27 06:56:24',1),(328,'❌ Hatalı! Doğru hali şu şekildedir:\n\n\"Yesterday I **went** to the cinema with my friends.\"\n\n🔍 \"go\" geçmiş zaman hali olan \"went\" olarak değiştirilmelidir.','bot','2025-05-27 06:56:24','2025-05-27 06:56:24',1),(329,'Biraz öneri verebilir misin','user','2025-05-27 06:56:37','2025-05-27 06:56:37',1),(330,'Tabii! İngilizce öğrenirken şu önerileri dikkate alabilirsin:\n\n1. Günlük olarak İngilizce pratik yapmaya çalış.\n2. İngilizce şarkılar dinleyerek kelime dağarcığını geliştirebilirsin.\n3. İngilizce altyazılı filmler veya diziler izleyerek dinleme becerilerini artırabilirsin.\n4. İngilizce kitap veya hikayeler okuyarak hem kelime bilginin hem de dil bilgisi kurallarının üzerine çalışabilirsin.\n5. İngilizce dil uygulamaları veya online platformları kullanarak interaktif bir şekilde pratik yapabilirsin.\n\nBu önerilerle İngilizce becerilerini hızla geliştirebilirsin!','bot','2025-05-27 06:56:37','2025-05-27 06:56:37',1),(331,'Tamam sistemde ne yapmalıyım','user','2025-05-27 06:56:52','2025-05-27 06:56:52',1),(332,'✅ Cümle doğru. Harika iş çıkardın!\n\nSistemi kullanmaya devam ederek eksik derslerini tamamlayabilir, eksik quizleri çözebilir ve yeni konuları öğrenmeye devam edebilirsin. Ayrıca, önceki hatalarından ders çıkararak dil becerilerini geliştirmeye devam etmen önemli. Her adımda ilerleyerek seviyeni yükseltebilirsin. Baştan başlayarak adım adım ilerlemeye devam et!','bot','2025-05-27 06:56:52','2025-05-27 06:56:52',1),(333,'Hangi dersleri yapmalıyım','user','2025-05-27 06:57:06','2025-05-27 06:57:06',1),(334,'Sisteme göre tamamladığın dersler şunlar:\n- A1 - Alfabe\n- Selamlaşma ve Tanışma\n- Zamirler\n\nEksik derslerin ise:\n- A1 - Yiyecekler ve İçecekler\n\nEksik dersin olan \"A1 - Yiyecekler ve İçecekler\" dersini tamamlayarak seviyeni daha da ilerletebilirsin. Bu dersi tamamladıktan sonra eksik quiz olan \"A1 - Yiyecekler ve İçecekler Quiz\"i çözerek konuyu pekiştirebilirsin. Yeni kelimeler ve ifadeler öğrenerek seyahat amacına yönelik dil becerilerini geliştirmiş olursun. İyi çalışmalar!','bot','2025-05-27 06:57:06','2025-05-27 06:57:06',1),(335,'Biraz kelime bilgisi çalışlaım','user','2025-05-27 06:57:26','2025-05-27 06:57:26',1),(336,'Tabii, işte bir kelime çalışması:\n\n\"Ev\'in İngilizcesi nedir?\"','bot','2025-05-27 06:57:26','2025-05-27 06:57:26',1),(337,'Home','user','2025-05-27 06:57:31','2025-05-27 06:57:31',1),(338,'✅ Doğru! \"Home\" kelimesinin Türkçe karşılığı **ev**\'dir. \n\nBaşka bir kelime sormamı ister misin?','bot','2025-05-27 06:57:31','2025-05-27 06:57:31',1),(339,'Hangi dersleri tamamlamalıyım','user','2025-05-27 06:57:44','2025-05-27 06:57:44',1),(340,'Tamamladığın dersler:\n- A1 - Alfabe\n- Selamlaşma ve Tanışma\n- Zamirler\n\nEksik dersin:\n- A1 - Yiyecekler ve İçecekler\n\nEksik dersini tamamlayarak seviyeni ilerletebilirsin. Ardından, eksik quiz olan \"A1 - Yiyecekler ve İçecekler Quiz\"i çözerek konuyu pekiştirebilirsin. Yeni kelimeler ve ifadeler öğrenerek seyahat amacına yönelik dil becerilerini güçlendirmiş olursun. Başarılar dilerim!','bot','2025-05-27 06:57:44','2025-05-27 06:57:44',1),(341,'Selam','user','2025-05-27 07:17:52','2025-05-27 07:17:52',1),(342,'Merhaba! Eksik dersin \"A1 - Yiyecekler ve İçecekler\". Bu dersi tamamladıktan sonra ilerlemen için eksik quiz olan \"A1 - Yiyecekler ve İçecekler Quiz\"i çözmen gerekiyor. Yeni kelimeler öğrenerek seyahat amacına daha iyi hizmet edecek dil becerilerini geliştirebilirsin. Başarılar!','bot','2025-05-27 07:17:52','2025-05-27 07:17:52',1),(343,'Merhaba','user','2025-05-27 07:17:56','2025-05-27 07:17:56',1),(344,'✅ **Doğru!** \"Merhaba\" Türkçe\'de \"hello\" ya da \"hi\" gibi İngilizce karşılıkları olan bir selamlaşma ifadesidir.\n\nBaşka bir konuda yardıma ihtiyacın var mı?','bot','2025-05-27 07:17:56','2025-05-27 07:17:56',1),(345,'Neden 2 tane yazıyon','user','2025-05-27 07:18:06','2025-05-27 07:18:06',1),(346,'❌ Hatalı cümle: \"Neden 2 tane yazıyon\"\n✅ Doğru hali: \"Neden **iki tane** yazıyorsun?\"\n🔍 \"tane\" yerine sayılar için \"iki, üç, dört\" gibi rakamlar kullanılmalıdır.','bot','2025-05-27 07:18:06','2025-05-27 07:18:06',1),(347,'Yav yapma','user','2025-05-27 07:18:12','2025-05-27 07:18:12',1),(348,'Üzgünüm, yanlış anlaşıldıysam lütfen doğru anlamın ne olduğunu belirt. Yardımcı olmaktan mutluluk duyarım.','bot','2025-05-27 07:18:12','2025-05-27 07:18:12',1),(349,'Tamam','user','2025-05-27 07:18:14','2025-05-27 07:18:14',1),(350,'Anlaşıldı, başka bir sorunuz veya yardıma ihtiyacınız varsa sormaktan çekinmeyin. İyi günler!','bot','2025-05-27 07:18:14','2025-05-27 07:18:14',1),(351,'Selam','user','2025-05-27 07:19:36','2025-05-27 07:19:36',5),(352,'Merhaba! Hangi konuda yardımcı olmamı istersin?','bot','2025-05-27 07:19:36','2025-05-27 07:19:36',5),(353,'Biraz kelime pratiği yapalım','user','2025-05-27 07:19:56','2025-05-27 07:19:56',5),(354,'Tabii, hazırım! Başlayalım. İlk kelime: \"Armut\"','bot','2025-05-27 07:19:56','2025-05-27 07:19:56',5),(355,'Merhaba','user','2025-05-27 07:21:00','2025-05-27 07:21:00',5),(356,'Merhaba! Kelime pratiği için hazır mısın? Öyleyse başlayalım. İlk kelime: \"Kitap\"','bot','2025-05-27 07:21:00','2025-05-27 07:21:00',5),(357,'Book','user','2025-05-27 07:21:04','2025-05-27 07:21:04',5),(358,'❌ Hatalı cevap! Doğru kelime: **Hello**. 🔍 \"Book\" kelimesi \"kitap\" anlamına gelirken, \"hello\" ise \"merhaba\" anlamına gelir.','bot','2025-05-27 07:21:04','2025-05-27 07:21:04',5),(359,'Gello','user','2025-05-27 07:21:12','2025-05-27 07:21:12',5),(360,'❌ Hatalı cevap! Doğru kelime: **Hello**. 🔍 \"Hello\" kelimesi \"merhaba\" anlamına gelir.','bot','2025-05-27 07:21:12','2025-05-27 07:21:12',5),(361,'Selam','user','2025-05-27 07:25:09','2025-05-27 07:25:09',6),(362,'Merhaba! Nasıl yardımcı olabilirim? Hangi konuda yardımcı olmamı istersin?','bot','2025-05-27 07:25:09','2025-05-27 07:25:09',6),(363,'Selam','user','2025-05-27 07:27:18','2025-05-27 07:27:18',6),(364,'Merhaba! İlk dersin olan \"Selamlaşma ve Tanışma\" dersini tamamlamışsın. Sıradaki adım olarak \"Selamlaşma ve Tanışma\" quizini çözebilirsin. Quizi çözmek için hazır olduğunda bana haber ver!','bot','2025-05-27 07:27:18','2025-05-27 07:27:18',6),(365,'Selam','user','2025-05-27 07:29:38','2025-05-27 07:29:38',6),(366,'Merhaba! \"Selamlaşma ve Tanışma\" konusunu pekiştirmek için quiz çözmeye ne dersin? Hazır olduğunda sana yardımcı olabilirim.','bot','2025-05-27 07:29:38','2025-05-27 07:29:38',6),(367,'Ali','user','2025-05-27 07:29:43','2025-05-27 07:29:43',6),(368,'❌ Hatalı cevap: Ali  \n✅ Doğru cevap: Hello  \n🔍 \"Ali\" İngilizce\'de \"Hello\" anlamına gelmiyor, \"Hello\" kelimesi \"Merhaba\" anlamına gelir.','bot','2025-05-27 07:29:43','2025-05-27 07:29:43',6),(369,'Veli','user','2025-05-27 07:29:45','2025-05-27 07:29:45',6),(370,'✅ Doğru! Veli → **parent**.','bot','2025-05-27 07:29:45','2025-05-27 07:29:45',6),(371,'Test','user','2025-05-27 07:29:49','2025-05-27 07:29:49',6),(372,'❌ Hatalı cevap: Test  \n✅ Doğru cevap: Parent  \n🔍 \"Test\" kelimesinin İngilizce karşılığı \"Exam\" ya da \"Test\" olabilir, \"Parent\" kelimesi ise \"Veli\" anlamına gelir.','bot','2025-05-27 07:29:49','2025-05-27 07:29:49',6),(373,'Test','user','2025-05-27 07:31:53','2025-05-27 07:31:53',6),(374,'❌ Hatalı cevap: Test  \n✅ Doğru cevap: Exam  \n🔍 \"Test\" kelimesinin İngilizce karşılığı \"Exam\" ya da \"Test\" olabilir, fakat doğru kelime \"Exam\"dir.','bot','2025-05-27 07:31:53','2025-05-27 07:31:53',6),(375,'Test Ediyorum','user','2025-05-27 07:31:58','2025-05-27 07:31:58',6),(376,'⚠️ \"Test Ediyorum\" kelimesi gerçek bir kelime değil.\nAnlamı: **I am testing** (Deneme yapıyorum)  \nTest kelimesinin doğru karşılığı: Exam','bot','2025-05-27 07:31:58','2025-05-27 07:31:58',6),(377,'selam','user','2025-05-27 07:34:21','2025-05-27 07:34:21',6),(378,'✅ Doğru! Selam → **hello**.','bot','2025-05-27 07:34:21','2025-05-27 07:34:21',6);
/*!40000 ALTER TABLE `chathistories` ENABLE KEYS */;
UNLOCK TABLES;

--
-- Table structure for table `lessonpages`
--

DROP TABLE IF EXISTS `lessonpages`;
/*!40101 SET @saved_cs_client     = @@character_set_client */;
/*!50503 SET character_set_client = utf8mb4 */;
CREATE TABLE `lessonpages` (
  `id` int NOT NULL AUTO_INCREMENT,
  `lessonId` int NOT NULL,
  `pageNumber` int NOT NULL,
  `type` varchar(255) COLLATE utf8mb4_general_ci NOT NULL,
  `content` json NOT NULL,
  `createdAt` datetime NOT NULL,
  `updatedAt` datetime NOT NULL,
  PRIMARY KEY (`id`),
  KEY `lessonId` (`lessonId`),
  CONSTRAINT `lessonpages_ibfk_1` FOREIGN KEY (`lessonId`) REFERENCES `lessons` (`id`) ON DELETE CASCADE ON UPDATE CASCADE,
  CONSTRAINT `lessonpages_ibfk_2` FOREIGN KEY (`lessonId`) REFERENCES `lessons` (`id`) ON DELETE CASCADE ON UPDATE CASCADE,
  CONSTRAINT `lessonpages_ibfk_3` FOREIGN KEY (`lessonId`) REFERENCES `lessons` (`id`) ON DELETE CASCADE ON UPDATE CASCADE,
  CONSTRAINT `lessonpages_ibfk_4` FOREIGN KEY (`lessonId`) REFERENCES `lessons` (`id`) ON DELETE CASCADE ON UPDATE CASCADE,
  CONSTRAINT `lessonpages_ibfk_5` FOREIGN KEY (`lessonId`) REFERENCES `lessons` (`id`) ON DELETE CASCADE ON UPDATE CASCADE
) ENGINE=InnoDB AUTO_INCREMENT=72 DEFAULT CHARSET=utf8mb4 COLLATE=utf8mb4_general_ci;
/*!40101 SET character_set_client = @saved_cs_client */;

--
-- Dumping data for table `lessonpages`
--

LOCK TABLES `lessonpages` WRITE;
/*!40000 ALTER TABLE `lessonpages` DISABLE KEYS */;
INSERT INTO `lessonpages` VALUES (12,5,1,'info','\"{\\n  \\\"type\\\": \\\"text\\\",\\n  \\\"content\\\": {\\n    \\\"title\\\": \\\"İngilizce Alfabeye Giriş\\\",\\n    \\\"body\\\": \\\"İngilizce alfabede toplam 26 harf bulunur. Bu harflerin her birinin büyük (A, B, C...) ve küçük (a, b, c...) hali vardır. İngilizce öğrenirken bu harfleri okumak, yazmak ve telaffuz etmek çok önemlidir.\\\\n\\\\nBazı harflerin okunuşu Türkçedeki harflerden farklıdır. Bu nedenle alfabeyi öğrenirken hem harfin şeklini hem de sesini tanımak gerekir.\\\\n\\\\nAşağıda İngilizce alfabedeki harflerin büyük ve küçük yazımı ile birlikte okunuşlarını gösteren tabloyu inceleyebilirsin.\\\",\\n    \\\"imageUrl\\\": \\\"/images/alfabe.png\\\"\\n  }\\n}\"','2025-05-26 10:08:11','2025-05-26 10:08:11'),(13,5,2,'listen','\"{\\n  \\\"type\\\": \\\"listen\\\",\\n  \\\"content\\\": {\\n    \\\"audioUrl\\\": \\\"/audio/a.mp3\\\",\\n    \\\"question\\\": \\\"Dinlediğin harf hangisidir?\\\",\\n    \\\"options\\\": [\\\"A\\\", \\\"E\\\", \\\"I\\\", \\\"Y\\\"],\\n    \\\"correctAnswer\\\": \\\"A\\\"\\n  }\\n}\"','2025-05-26 10:31:45','2025-05-26 10:31:45'),(14,5,1,'image','\"{\\n  \\\"type\\\": \\\"image\\\",\\n  \\\"content\\\": {\\n    \\\"imageUrl\\\": \\\"/images/apple.jpg\\\",\\n    \\\"question\\\": \\\"Bu görsel hangi harf ile başlıyor?\\\",\\n    \\\"options\\\": [\\\"A\\\", \\\"R\\\", \\\"P\\\", \\\"E\\\"],\\n    \\\"correctAnswer\\\": \\\"A\\\"\\n  }\\n}\"','2025-05-26 10:37:58','2025-05-26 10:37:58'),(15,5,3,'image','\"{\\n  \\\"type\\\": \\\"image\\\",\\n  \\\"content\\\": {\\n    \\\"imageUrl\\\": \\\"/images/apple.jpg\\\",\\n    \\\"question\\\": \\\"Bu görsel hangi harf ile başlıyor?\\\",\\n    \\\"options\\\": [\\\"A\\\", \\\"B\\\", \\\"C\\\", \\\"D\\\"],\\n    \\\"correctAnswer\\\": \\\"A\\\"\\n  }\\n}\"','2025-05-26 10:38:29','2025-05-26 10:38:29'),(16,5,4,'listen','\"{\\n  \\\"type\\\": \\\"listen\\\",\\n  \\\"content\\\": {\\n    \\\"audioUrl\\\": \\\"/audio/i.mp3\\\",\\n    \\\"question\\\": \\\"Dinlediğin harf hangisidir?\\\",\\n    \\\"options\\\": [\\\"E\\\", \\\"I\\\", \\\"A\\\", \\\"U\\\"],\\n    \\\"correctAnswer\\\": \\\"I\\\"\\n  }\\n}\"','2025-05-26 10:42:25','2025-05-26 10:42:25'),(23,5,5,'info','\"{\\n  \\\"type\\\": \\\"text\\\",\\n  \\\"content\\\": {\\n    \\\"title\\\": \\\"Selamlaşma Kalıpları\\\",\\n    \\\"body\\\": \\\"İngilizce\'de insanlar günün farklı saatlerinde veya farklı durumlarda selamlaşmak için çeşitli ifadeler kullanırlar.\\\",\\n    \\\"imageUrl\\\": \\\"/images/greetings.png\\\",\\n    \\\"imageClass\\\": \\\"max-h-[500px] md:max-h-[700px]\\\"\\n  }\\n}\"','2025-05-26 11:06:25','2025-05-26 11:06:25'),(24,5,6,'match','\"{\\n  \\\"type\\\": \\\"match\\\",\\n  \\\"content\\\": {\\n    \\\"pairs\\\": [\\n      { \\\"left\\\": \\\"Hello\\\", \\\"right\\\": \\\"Merhaba\\\" },\\n      { \\\"left\\\": \\\"Hi\\\", \\\"right\\\": \\\"Selam\\\" },\\n      { \\\"left\\\": \\\"Good morning\\\", \\\"right\\\": \\\"Günaydın\\\" },\\n      { \\\"left\\\": \\\"Good evening\\\", \\\"right\\\": \\\"İyi akşamlar\\\" },\\n      { \\\"left\\\": \\\"How are you?\\\", \\\"right\\\": \\\"Nasılsın?\\\" }\\n    ]\\n  }\\n}\"','2025-05-26 11:12:46','2025-05-26 11:12:46'),(25,5,7,'reorder','\"{\\n  \\\"type\\\": \\\"reorder\\\",\\n  \\\"content\\\": {\\n    \\\"instruction\\\": \\\"Kelimeleri doğru sıraya koyarak bir tanışma sorusu oluştur.\\\",\\n    \\\"words\\\": [\\\"you\\\", \\\"do\\\", \\\"do\\\", \\\"for\\\", \\\"living\\\", \\\"a\\\", \\\"What\\\"],\\n    \\\"correctOrder\\\": [\\\"What\\\", \\\"do\\\", \\\"you\\\", \\\"do\\\", \\\"for\\\", \\\"a\\\", \\\"living\\\"]\\n  }\\n}\"','2025-05-26 11:24:34','2025-05-26 11:24:34'),(26,5,8,'fill','\"{\\n  \\\"type\\\": \\\"fill\\\",\\n  \\\"content\\\": {\\n    \\\"sentence\\\": \\\"Nice to ___ you!\\\",\\n    \\\"answer\\\": \\\"meet\\\"\\n  }\\n}\\n\"','2025-05-26 11:28:10','2025-05-26 11:28:10'),(27,5,9,'reorder','\"{\\n  \\\"type\\\": \\\"reorder\\\",\\n  \\\"content\\\": {\\n    \\\"instruction\\\": \\\"Kelimeleri doğru sıraya koyarak yaş sorma cümlesini oluştur.\\\",\\n    \\\"words\\\": [\\\"old\\\", \\\"you\\\", \\\"are\\\", \\\"How\\\", \\\"?\\\"],\\n    \\\"correctOrder\\\": [\\\"How\\\", \\\"old\\\", \\\"are\\\", \\\"you\\\", \\\"?\\\"]\\n  }\\n}\"','2025-05-26 11:29:03','2025-05-26 11:29:03'),(29,5,10,'info','\"{\\n  \\\"type\\\": \\\"info\\\",\\n  \\\"content\\\": {\\n    \\\"title\\\": \\\"Tanışma Kalıpları Hakkında\\\",\\n    \\\"body\\\": \\\"İngilizce\'de tanışma sırasında kullanılan ifadeler, karşılıklı iletişimin temelini oluşturur. Bu kalıplar, bir kişinin adını, yaşını, memleketini sormak ve kendini tanıtmak için kullanılır.\\\\n\\\\nİşte bazı yaygın tanışma kalıpları:\\\\n\\\\n- What\'s your name? → Adın ne?\\\\n- My name is ... → Benim adım ...\\\\n- Nice to meet you. → Tanıştığıma memnun oldum.\\\\n- How old are you? → Kaç yaşındasın?\\\\n- I’m ... years old. → ... yaşındayım.\\\\n- Where are you from? → Nerelisin?\\\\n- I’m from ... → ...’liyim.\\\\n\\\\nBu ifadeler günlük konuşmalarda çok sık kullanılır. İlk tanışmalarda karşınızdaki kişiyle samimi bir diyalog kurmanızı sağlar.\\\",\\n    \\\"imageUrl\\\": \\\"/images/introduction.png\\\",\\n    \\\"imageClass\\\": \\\"max-w-[500px]\\\"\\n  }\\n}\"','2025-05-26 11:36:35','2025-05-26 11:36:35'),(30,5,11,'listen','\"{\\n  \\\"type\\\": \\\"listen\\\",\\n  \\\"content\\\": {\\n    \\\"audioUrl\\\": \\\"/audio/nicetomeetyou.mp3\\\",\\n    \\\"question\\\": \\\"Dinlediğin ifade hangisidir?\\\",\\n    \\\"options\\\": [\\\"Nice to meet you\\\", \\\"How are you\\\", \\\"My name is Alex\\\", \\\"Where are you from\\\"],\\n    \\\"correctAnswer\\\": \\\"Nice to meet you\\\"\\n  }\\n}\"','2025-05-26 11:39:59','2025-05-26 11:39:59'),(31,5,12,'drag-drop','\"{\\n  \\\"type\\\": \\\"drag-drop\\\",\\n  \\\"content\\\": {\\n    \\\"instruction\\\": \\\"İngilizce ifadeleri doğru Türkçe anlamlarıyla eşleştir.\\\",\\n    \\\"pairs\\\": [\\n      { \\\"drag\\\": \\\"What\'s your name?\\\", \\\"drop\\\": \\\"Adın ne?\\\" },\\n      { \\\"drag\\\": \\\"I\'m from Turkey.\\\", \\\"drop\\\": \\\"Türkiye\'denim.\\\" },\\n      { \\\"drag\\\": \\\"Nice to meet you.\\\", \\\"drop\\\": \\\"Tanıştığımıza memnun oldum.\\\" },\\n      { \\\"drag\\\": \\\"How old are you?\\\", \\\"drop\\\": \\\"Kaç yaşındasın?\\\" }\\n    ]\\n  }\\n}\"','2025-05-26 11:41:54','2025-05-26 11:41:54'),(32,5,13,'mcq','\"{\\n  \\\"type\\\": \\\"mcq\\\",\\n  \\\"content\\\": {\\n    \\\"question\\\": \\\"Where are you from? ifadesinin Türkçesi nedir?\\\",\\n    \\\"options\\\": [\\\"Nasılsın?\\\", \\\"Adın ne?\\\", \\\"Nerelisin?\\\", \\\"Ne iş yapıyorsun?\\\"],\\n    \\\"correctAnswer\\\": \\\"Nerelisin?\\\"\\n  }\\n}\"','2025-05-26 11:45:56','2025-05-26 11:45:56'),(33,5,14,'listen','\"{\\n  \\\"type\\\": \\\"listen\\\",\\n  \\\"content\\\": {\\n    \\\"audioUrl\\\": \\\"/audio/whereareyoufrom.mp3\\\",\\n    \\\"question\\\": \\\"Dinlediğin cümle hangisidir?\\\",\\n    \\\"options\\\": [\\n      \\\"Where are you from?\\\",\\n      \\\"What’s your name?\\\",\\n      \\\"How old are you?\\\",\\n      \\\"Nice to meet you.\\\"\\n    ],\\n    \\\"correctAnswer\\\": \\\"Where are you from?\\\"\\n  }\\n}\"','2025-05-26 11:50:18','2025-05-26 11:50:18'),(34,5,15,'reorder','\"{\\n  \\\"type\\\": \\\"reorder\\\",\\n  \\\"content\\\": {\\n    \\\"instruction\\\": \\\"Kelimeleri doğru sıraya koyarak anlamlı bir cümle oluştur.\\\",\\n    \\\"words\\\": [\\\"has\\\", \\\"It\\\", \\\"a\\\", \\\"pleasure\\\", \\\"meeting\\\", \\\"you\\\", \\\"been\\\"],\\n    \\\"correctOrder\\\": [\\\"It\\\", \\\"has\\\", \\\"been\\\", \\\"a\\\", \\\"pleasure\\\", \\\"meeting\\\", \\\"you\\\"]\\n  }\\n}\"','2025-05-26 11:52:07','2025-05-26 11:52:07'),(35,5,16,'drag-drop','\"{\\n  \\\"type\\\": \\\"drag-drop\\\",\\n  \\\"content\\\": {\\n    \\\"instruction\\\": \\\"Aşağıdaki İngilizce ifadeleri Türkçe anlamlarıyla eşleştir.\\\",\\n    \\\"pairs\\\": [\\n      { \\\"drag\\\": \\\"Good to see you again.\\\", \\\"drop\\\": \\\"Seni tekrar görmek güzel.\\\" },\\n      { \\\"drag\\\": \\\"Long time no see!\\\", \\\"drop\\\": \\\"Görüşmeyeli uzun zaman oldu!\\\" },\\n      { \\\"drag\\\": \\\"How’s it going?\\\", \\\"drop\\\": \\\"Nasıl gidiyor?\\\" },\\n      { \\\"drag\\\": \\\"Pleased to meet you.\\\", \\\"drop\\\": \\\"Sizinle tanıştığıma memnun oldum.\\\" }\\n    ]\\n  }\\n}\"','2025-05-26 11:55:19','2025-05-26 11:55:19'),(36,6,1,'info','\"{\\n  \\\"type\\\": \\\"info\\\",\\n  \\\"content\\\": {\\n    \\\"title\\\": \\\"İngilizce Zamirlere Giriş\\\",\\n    \\\"body\\\": \\\"İngilizce\'de zamirler (pronouns), bir ismin yerine kullanılan ve iletişimi daha etkili hale getiren kelimelerdir. Zamirler tekrarı önler, anlamı netleştirir ve cümleleri sadeleştirir.\\\",\\n    \\\"imageUrl\\\": \\\"/images/pronouns.png\\\",\\n    \\\"imageClass\\\": \\\"max-w-[500px] mx-auto\\\"\\n  }\\n}\"','2025-05-26 12:14:13','2025-05-26 12:14:13'),(39,6,4,'fill','\"{\\n  \\\"type\\\": \\\"fill\\\",\\n  \\\"content\\\": {\\n    \\\"sentence\\\": \\\"John is a doctor. ___ works at a hospital.\\\",\\n    \\\"answer\\\": \\\"He\\\"\\n  }\\n}\"','2025-05-26 12:16:51','2025-05-26 12:16:51'),(40,6,5,'mcq','\"{\\n  \\\"type\\\": \\\"mcq\\\",\\n  \\\"content\\\": {\\n    \\\"question\\\": \\\"\'We\' kelimesi hangi zamir türüne aittir?\\\",\\n    \\\"options\\\": [\\\"Object pronoun\\\", \\\"Subject pronoun\\\", \\\"Possessive pronoun\\\", \\\"Reflexive pronoun\\\"],\\n    \\\"correctAnswer\\\": \\\"Subject pronoun\\\"\\n  }\\n}\"','2025-05-26 12:17:58','2025-05-26 12:17:58'),(41,6,6,'listen','\"{\\n  \\\"type\\\": \\\"listen\\\",\\n  \\\"content\\\": {\\n    \\\"audioUrl\\\": \\\"/audio/theyareplayingsoccer.mp3\\\",\\n    \\\"question\\\": \\\"Dinlediğiniz cümlede hangi zamir geçiyor?\\\",\\n    \\\"options\\\": [\\\"They\\\", \\\"We\\\", \\\"He\\\", \\\"It\\\"],\\n    \\\"correctAnswer\\\": \\\"They\\\"\\n  }\\n}\\n\"','2025-05-26 12:19:10','2025-05-26 12:19:10'),(42,6,7,'reorder','\"{\\n  \\\"type\\\": \\\"reorder\\\",\\n  \\\"content\\\": {\\n    \\\"instruction\\\": \\\"Kelimeleri doğru sıraya koyarak anlamlı bir cümle oluştur.\\\",\\n    \\\"words\\\": [\\\"She\\\", \\\"is\\\", \\\"my\\\", \\\"friend\\\"],\\n    \\\"correctOrder\\\": [\\\"She\\\", \\\"is\\\", \\\"my\\\", \\\"friend\\\"]\\n  }\\n}\\n\"','2025-05-26 12:19:56','2025-05-26 12:19:56'),(43,6,8,'drag-drop','\"{\\n  \\\"type\\\": \\\"drag-drop\\\",\\n  \\\"content\\\": {\\n    \\\"instruction\\\": \\\"Zamirleri doğru anlamlarıyla eşleştir.\\\",\\n    \\\"pairs\\\": [\\n      { \\\"drag\\\": \\\"me\\\", \\\"drop\\\": \\\"beni, bana\\\" },\\n      { \\\"drag\\\": \\\"us\\\", \\\"drop\\\": \\\"bizi, bize\\\" },\\n      { \\\"drag\\\": \\\"them\\\", \\\"drop\\\": \\\"onları, onlara\\\" },\\n      { \\\"drag\\\": \\\"him\\\", \\\"drop\\\": \\\"onu, ona (erkek)\\\" }\\n    ]\\n  }\\n}\\n\"','2025-05-26 12:20:33','2025-05-26 12:20:33'),(44,6,9,'info','\"{\\n  \\\"type\\\": \\\"info\\\",\\n  \\\"content\\\": {\\n    \\\"title\\\": \\\"Subject Pronouns\\\",\\n    \\\"body\\\": \\\"Subject pronouns: I, you, he, she, it, we, you, they. Cümlede özne görevindedir. Bu zamirler fiilden önce gelir ve eylemi gerçekleştiren kişi ya da şeyi ifade eder.\\\"\\n  }\\n}\\n\"','2025-05-26 12:21:28','2025-05-26 12:21:28'),(45,6,10,'fill','\"{\\n  \\\"type\\\": \\\"fill\\\",\\n  \\\"content\\\": {\\n    \\\"sentence\\\": \\\"Ali and I are students. ___ go to school together.\\\",\\n    \\\"answer\\\": \\\"We\\\"\\n  }\\n}\\n\"','2025-05-26 12:22:12','2025-05-26 12:22:12'),(46,6,11,'mcq','\"{\\n  \\\"type\\\": \\\"mcq\\\",\\n  \\\"content\\\": {\\n    \\\"question\\\": \\\"\'Her\' kelimesi hangi zamir türüdür?\\\",\\n    \\\"options\\\": [\\\"Subject\\\", \\\"Object\\\", \\\"Possessive\\\", \\\"Reflexive\\\"],\\n    \\\"correctAnswer\\\": \\\"Object\\\"\\n  }\\n}\"','2025-05-26 12:24:19','2025-05-26 12:24:19'),(47,6,12,'drag-drop','\"{\\n  \\\"type\\\": \\\"drag-drop\\\",\\n  \\\"content\\\": {\\n    \\\"instruction\\\": \\\"Zamirleri kullanıldıkları türle eşleştir.\\\",\\n    \\\"pairs\\\": [\\n      { \\\"drag\\\": \\\"Myself\\\", \\\"drop\\\": \\\"Reflexive pronoun\\\" },\\n      { \\\"drag\\\": \\\"They\\\", \\\"drop\\\": \\\"Subject pronoun\\\" },\\n      { \\\"drag\\\": \\\"Us\\\", \\\"drop\\\": \\\"Object pronoun\\\" },\\n      { \\\"drag\\\": \\\"Theirs\\\", \\\"drop\\\": \\\"Possessive pronoun\\\" }\\n    ]\\n  }\\n}\"','2025-05-26 12:24:43','2025-05-26 12:24:43'),(48,6,13,'reorder','\"{\\n  \\\"type\\\": \\\"reorder\\\",\\n  \\\"content\\\": {\\n    \\\"instruction\\\": \\\"Zamirleri içeren cümleyi doğru sıralayın.\\\",\\n    \\\"words\\\": [\\\"It\\\", \\\"is\\\", \\\"a\\\", \\\"beautiful\\\", \\\"day\\\"],\\n    \\\"correctOrder\\\": [\\\"It\\\", \\\"is\\\", \\\"a\\\", \\\"beautiful\\\", \\\"day\\\"]\\n  }\\n}\\n\"','2025-05-26 12:25:27','2025-05-26 12:25:27'),(49,6,14,'listen','\"{\\n  \\\"type\\\": \\\"listen\\\",\\n  \\\"content\\\": {\\n    \\\"audioUrl\\\": \\\"/audio/wearehappy.mp3\\\",\\n    \\\"question\\\": \\\"Dinlenen cümlede geçen zamir nedir?\\\",\\n    \\\"options\\\": [\\\"They\\\", \\\"We\\\", \\\"I\\\", \\\"He\\\"],\\n    \\\"correctAnswer\\\": \\\"We\\\"\\n  }\\n}\\n\"','2025-05-26 12:26:14','2025-05-26 12:26:14'),(50,6,15,'reorder','\"{\\n  \\\"type\\\": \\\"reorder\\\",\\n  \\\"content\\\": {\\n    \\\"instruction\\\": \\\"Kelimeleri doğru sıraya koyarak anlamlı bir cümle oluştur.\\\",\\n    \\\"words\\\": [\\\"has\\\", \\\"It\\\", \\\"a\\\", \\\"pleasure\\\", \\\"meeting\\\", \\\"you\\\", \\\"been\\\"],\\n    \\\"correctOrder\\\": [\\\"It\\\", \\\"has\\\", \\\"been\\\", \\\"a\\\", \\\"pleasure\\\", \\\"meeting\\\", \\\"you\\\"]\\n  }\\n}\"','2025-05-26 12:27:08','2025-05-26 12:27:08'),(51,6,16,'match','\"{\\n  \\\"type\\\": \\\"match\\\",\\n  \\\"content\\\": {\\n    \\\"instruction\\\": \\\"İngilizce zamirleri doğru Türkçe karşılıklarıyla eşleştir.\\\",\\n    \\\"pairs\\\": [\\n      { \\\"left\\\": \\\"I\\\", \\\"right\\\": \\\"Ben\\\" },\\n      { \\\"left\\\": \\\"me\\\", \\\"right\\\": \\\"beni, bana\\\" },\\n      { \\\"left\\\": \\\"mine\\\", \\\"right\\\": \\\"benimki\\\" },\\n      { \\\"left\\\": \\\"myself\\\", \\\"right\\\": \\\"kendim\\\" },\\n      { \\\"left\\\": \\\"each other\\\", \\\"right\\\": \\\"birbirini, birbirimize\\\" },\\n      { \\\"left\\\": \\\"this\\\", \\\"right\\\": \\\"bu (tekil, yakın)\\\" }\\n    ]\\n  }\\n}\"','2025-05-26 12:28:37','2025-05-26 12:28:37'),(52,6,2,'info','\"{\\n  \\\"type\\\": \\\"info\\\",\\n  \\\"content\\\": {\\n    \\\"title\\\": \\\"Zamirlerin Kullanım Amaçları\\\",\\n    \\\"body\\\": \\\"Zamirler neden kullanılır?\\\\n\\\\n- Tekrarı önler.\\\\n- Anlamı belirginleştirir.\\\\n- Cümleleri sadeleştirir.\\\\n- Kişiler arası ilişkiyi gösterir.\\\\n- Önceki cümleye referans verir.\\\",\\n    \\\"imageUrl\\\": \\\"/images/ingilizce-zamirler-tablosu.jpg\\\",\\n    \\\"imageClass\\\": \\\"max-w-[700px] mx-auto\\\"\\n  }\\n}\"','2025-05-26 12:32:52','2025-05-26 12:32:52'),(53,6,3,'match','\"{\\n  \\\"type\\\": \\\"match\\\",\\n  \\\"content\\\": {\\n    \\\"instruction\\\": \\\"İngilizce zamirleri Türkçe anlamlarıyla eşleştir.\\\",\\n    \\\"pairs\\\": [\\n      { \\\"left\\\": \\\"He\\\", \\\"right\\\": \\\"O (erkek)\\\" },\\n      { \\\"left\\\": \\\"Me\\\", \\\"right\\\": \\\"Beni – Bana\\\" },\\n      { \\\"left\\\": \\\"Mine\\\", \\\"right\\\": \\\"Benimki\\\" },\\n      { \\\"left\\\": \\\"Myself\\\", \\\"right\\\": \\\"Kendim\\\" },\\n      { \\\"left\\\": \\\"They\\\", \\\"right\\\": \\\"Onlar\\\" },\\n      { \\\"left\\\": \\\"Us\\\", \\\"right\\\": \\\"Bizi – Bize\\\" }\\n    ]\\n  }\\n}\"','2025-05-26 12:37:58','2025-05-26 12:37:58'),(54,7,1,'info','\"{\\n  \\\"type\\\": \\\"info\\\",\\n  \\\"content\\\": {\\n    \\\"title\\\": \\\"İngilizce Yiyecekler ve İçecekler\\\",\\n    \\\"body\\\": \\\"Yiyecekler ve içecekler günlük yaşamda sıkça kullandığımız konular arasındadır. Bu derste İngilizce\'de en sık kullanılan yiyecek, içecek, tat, pişirme yöntemleri, öğünler, meyveler, sebzeler ve siparişle ilgili ifadeleri öğreneceğiz.\\\",\\n    \\\"imageUrl\\\": \\\"/images/vocabulary-food-intro.png\\\",\\n    \\\"imageClass\\\": \\\"max-w-[700px] mx-auto\\\"\\n  }\\n}\\n\"','2025-05-26 12:51:19','2025-05-26 12:51:19'),(55,7,2,'match','\"{\\n  \\\"type\\\": \\\"match\\\",\\n  \\\"content\\\": {\\n    \\\"instruction\\\": \\\"Aşağıdaki Türkçe yemek tariflerini İngilizce karşılıklarıyla eşleştir.\\\",\\n    \\\"pairs\\\": [\\n      { \\\"left\\\": \\\"Taze\\\", \\\"right\\\": \\\"Fresh\\\" },\\n      { \\\"left\\\": \\\"Küflü\\\", \\\"right\\\": \\\"Mouldy\\\" },\\n      { \\\"left\\\": \\\"Bozuk\\\", \\\"right\\\": \\\"Rotten\\\" },\\n      { \\\"left\\\": \\\"Bayat\\\", \\\"right\\\": \\\"Stale\\\" }\\n    ]\\n  }\\n}\"','2025-05-26 12:55:35','2025-05-26 12:55:35'),(56,7,3,'match','\"{\\n  \\\"type\\\": \\\"match\\\",\\n  \\\"content\\\": {\\n    \\\"instruction\\\": \\\"Etin pişme derecelerini doğru İngilizce karşılıklarıyla eşleştir.\\\",\\n    \\\"pairs\\\": [\\n      { \\\"left\\\": \\\"Çok Az Pişmiş\\\", \\\"right\\\": \\\"Very Rare\\\" },\\n      { \\\"left\\\": \\\"Az Pişmiş\\\", \\\"right\\\": \\\"Rare\\\" },\\n      { \\\"left\\\": \\\"Orta Pişmiş\\\", \\\"right\\\": \\\"Medium\\\" },\\n      { \\\"left\\\": \\\"Çok Pişmiş\\\", \\\"right\\\": \\\"Well Done\\\" }\\n    ]\\n  }\\n}\"','2025-05-26 12:58:11','2025-05-26 12:58:11'),(57,7,4,'fill','\"{\\n  \\\"type\\\": \\\"fill\\\",\\n  \\\"content\\\": {\\n    \\\"sentence\\\": \\\"This steak is ___.\\\",\\n    \\\"answer\\\": \\\"rare\\\"\\n  }\\n}\"','2025-05-26 12:59:28','2025-05-26 12:59:28'),(58,7,5,'mcq','\"{\\n  \\\"type\\\": \\\"mcq\\\",\\n  \\\"content\\\": {\\n    \\\"question\\\": \\\"\'Delicious\' kelimesi ne anlama gelir?\\\",\\n    \\\"options\\\": [\\\"Tatsız\\\", \\\"Lezzetli\\\", \\\"Acı\\\", \\\"Tuzlu\\\"],\\n    \\\"correctAnswer\\\": \\\"Lezzetli\\\"\\n  }\\n}\"','2025-05-26 12:59:56','2025-05-26 12:59:56'),(59,7,6,'drag-drop','\"{\\n  \\\"type\\\": \\\"drag-drop\\\",\\n  \\\"content\\\": {\\n    \\\"instruction\\\": \\\"Aşağıdaki pişirme yöntemlerini doğru Türkçe karşılıklarıyla eşleştir.\\\",\\n    \\\"pairs\\\": [\\n      { \\\"drag\\\": \\\"Frying\\\", \\\"drop\\\": \\\"Kızartmak\\\" },\\n      { \\\"drag\\\": \\\"Boiling\\\", \\\"drop\\\": \\\"Haşlamak\\\" },\\n      { \\\"drag\\\": \\\"Grilling\\\", \\\"drop\\\": \\\"Izgara\\\" },\\n      { \\\"drag\\\": \\\"Steaming\\\", \\\"drop\\\": \\\"Buğulamak\\\" }\\n    ]\\n  }\\n}\"','2025-05-26 13:02:04','2025-05-26 13:02:04'),(60,7,7,'info','\"{\\n  \\\"type\\\": \\\"info\\\",\\n  \\\"content\\\": {\\n    \\\"title\\\": \\\"İngilizce\'de Öğünler\\\",\\n    \\\"body\\\": \\\"İngilizce\'de günlük öğünler farklı isimlerle adlandırılır. Aşağıdaki tabloda en sık kullanılan öğün isimlerini bulabilirsin.\\\",\\n    \\\"imageUrl\\\": \\\"/images/ogunler.png\\\",\\n    \\\"imageClass\\\": \\\"max-w-[600px] mx-auto\\\"\\n  }\\n}\"','2025-05-26 13:05:28','2025-05-26 13:05:28'),(61,7,8,'listen','\"{\\n  \\\"type\\\": \\\"listen\\\",\\n  \\\"content\\\": {\\n    \\\"audioUrl\\\": \\\"/audio/dinner.mp3\\\",\\n    \\\"question\\\": \\\"Dinlediğin kelimenin Türkçesi nedir?\\\",\\n    \\\"options\\\": [\\\"Kahvaltı\\\", \\\"Ara Öğün\\\", \\\"Akşam Yemeği\\\", \\\"Öğle Yemeği\\\"],\\n    \\\"correctAnswer\\\": \\\"Akşam Yemeği\\\"\\n  }\\n}\"','2025-05-26 13:07:38','2025-05-26 13:07:38'),(62,7,9,'match','\"{\\n  \\\"type\\\": \\\"match\\\",\\n  \\\"content\\\": {\\n    \\\"instruction\\\": \\\"Aşağıdaki Türkçe et çeşitlerini doğru İngilizce karşılıklarıyla eşleştir.\\\",\\n    \\\"pairs\\\": [\\n      { \\\"left\\\": \\\"Tavuk\\\", \\\"right\\\": \\\"Chicken\\\" },\\n      { \\\"left\\\": \\\"Kuzu\\\", \\\"right\\\": \\\"Lamb\\\" },\\n      { \\\"left\\\": \\\"Sığır Eti\\\", \\\"right\\\": \\\"Beef\\\" },\\n      { \\\"left\\\": \\\"Hindi\\\", \\\"right\\\": \\\"Turkey\\\" }\\n    ]\\n  }\\n}\"','2025-05-26 13:08:24','2025-05-26 13:08:24'),(63,7,10,'drag-drop','\"{\\n  \\\"type\\\": \\\"drag-drop\\\",\\n  \\\"content\\\": {\\n    \\\"instruction\\\": \\\"Aşağıdaki balık isimlerini doğru İngilizce karşılıklarıyla eşleştir.\\\",\\n    \\\"pairs\\\": [\\n      { \\\"drag\\\": \\\"Hamsi\\\", \\\"drop\\\": \\\"Anchovy\\\" },\\n      { \\\"drag\\\": \\\"Levrek\\\", \\\"drop\\\": \\\"Seabass\\\" },\\n      { \\\"drag\\\": \\\"Palamut\\\", \\\"drop\\\": \\\"Bonito\\\" },\\n      { \\\"drag\\\": \\\"Çupra\\\", \\\"drop\\\": \\\"Seabream\\\" }\\n    ]\\n  }\\n}\"','2025-05-26 13:11:16','2025-05-26 13:11:16'),(64,7,11,'info','\"{\\n  \\\"type\\\": \\\"info\\\",\\n  \\\"content\\\": {\\n    \\\"title\\\": \\\"İngilizce Meyveler\\\",\\n    \\\"body\\\": \\\"Aşağıdaki görselde en yaygın İngilizce meyveleri ve Türkçe karşılıklarını görebilirsin. \\\",\\n    \\\"imageUrl\\\": \\\"/images/meyveler.jpg\\\",\\n    \\\"imageClass\\\": \\\"max-w-[700px] mx-auto\\\"\\n  }\\n}\"','2025-05-26 13:13:18','2025-05-26 13:13:18'),(65,7,12,'info','\"{\\n  \\\"type\\\": \\\"info\\\",\\n  \\\"content\\\": {\\n    \\\"title\\\": \\\"İngilizce Sebzeler\\\",\\n    \\\"body\\\": \\\"Aşağıdaki görselde en yaygın İngilizce sebzeleri ve Türkçe karşılıklarını görebilirsin. \\\",\\n    \\\"imageUrl\\\": \\\"/images/sebzeler.jpg\\\",\\n    \\\"imageClass\\\": \\\"max-w-[700px] mx-auto\\\"\\n  }\\n}\"','2025-05-26 13:13:36','2025-05-26 13:13:36'),(66,7,13,'mcq','\"{\\n  \\\"type\\\": \\\"mcq\\\",\\n  \\\"content\\\": {\\n    \\\"question\\\": \\\"Which one is a vegetable?\\\",\\n    \\\"options\\\": [\\\"Apple\\\", \\\"Banana\\\", \\\"Carrot\\\", \\\"Strawberry\\\"],\\n    \\\"answer\\\": \\\"Carrot\\\"\\n  }\\n}\"','2025-05-26 13:16:59','2025-05-26 13:16:59'),(67,7,14,'reorder','\"{\\n  \\\"type\\\": \\\"reorder\\\",\\n  \\\"content\\\": {\\n    \\\"instruction\\\": \\\"Put the fruits in alphabetical order.\\\",\\n    \\\"words\\\": [\\\"Grapes\\\", \\\"Apple\\\", \\\"Banana\\\", \\\"Orange\\\"],\\n    \\\"correctOrder\\\": [\\\"Apple\\\", \\\"Banana\\\", \\\"Grapes\\\", \\\"Orange\\\"]\\n  }\\n}\"','2025-05-26 13:17:14','2025-05-26 13:17:14'),(68,7,15,'drag-drop','\"{\\n  \\\"type\\\": \\\"drag-drop\\\",\\n  \\\"content\\\": {\\n    \\\"instruction\\\": \\\"Eşleştir: Meyveleri Türkçeleriyle eşleştir.\\\",\\n    \\\"pairs\\\": [\\n      { \\\"drag\\\": \\\"Peach\\\", \\\"drop\\\": \\\"Şeftali\\\" },\\n      { \\\"drag\\\": \\\"Watermelon\\\", \\\"drop\\\": \\\"Karpuz\\\" },\\n      { \\\"drag\\\": \\\"Plum\\\", \\\"drop\\\": \\\"Erik\\\" },\\n      { \\\"drag\\\": \\\"Pear\\\", \\\"drop\\\": \\\"Armut\\\" }\\n    ]\\n  }\\n}\"','2025-05-26 13:17:32','2025-05-26 13:17:32'),(69,7,15,'info','\"{\\n  \\\"type\\\": \\\"info\\\",\\n  \\\"content\\\": {\\n    \\\"title\\\": \\\"Süt Ürünleri ve Sütlü Tatlılar\\\",\\n    \\\"body\\\": \\\"Süt, peynir, yoğurt ve tereyağı gibi ürünlerin yanı sıra sütlü tatlılar da hem sağlıklı hem de lezzetli alternatifler sunar. Aşağıdaki görselde yaygın süt ürünleri ve tatlılarını görebilirsin.\\\",\\n    \\\"imageUrl\\\": \\\"/images/suturunleri.png\\\",\\n    \\\"imageClass\\\": \\\"max-w-[700px] mx-auto\\\"\\n  }\\n}\"','2025-05-26 13:21:53','2025-05-26 13:21:53'),(70,7,16,'info','\"{\\n  \\\"type\\\": \\\"info\\\",\\n  \\\"content\\\": {\\n    \\\"title\\\": \\\"Süt Ürünleri ve Sütlü Tatlılar\\\",\\n    \\\"body\\\": \\\"Süt, peynir, yoğurt ve tereyağı gibi ürünlerin yanı sıra sütlü tatlılar da hem sağlıklı hem de lezzetli alternatifler sunar. Aşağıdaki görselde yaygın süt ürünleri ve tatlılarını görebilirsin.\\\",\\n    \\\"imageUrl\\\": \\\"/images/suturunleri.png\\\",\\n    \\\"imageClass\\\": \\\"max-w-[700px] mx-auto\\\"\\n  }\\n}\"','2025-05-26 13:23:48','2025-05-26 13:23:48'),(71,7,17,'mcq','\"{\\n  \\\"type\\\": \\\"mcq\\\",\\n  \\\"content\\\": {\\n    \\\"question\\\": \\\"Which one is NOT a dairy product?\\\",\\n    \\\"options\\\": [\\\"Milk\\\", \\\"Cheese\\\", \\\"Yogurt\\\", \\\"Bread\\\"],\\n    \\\"answer\\\": \\\"Bread\\\"\\n  }\\n}\"','2025-05-26 13:24:02','2025-05-26 13:24:02');
/*!40000 ALTER TABLE `lessonpages` ENABLE KEYS */;
UNLOCK TABLES;

--
-- Table structure for table `lessons`
--

DROP TABLE IF EXISTS `lessons`;
/*!40101 SET @saved_cs_client     = @@character_set_client */;
/*!50503 SET character_set_client = utf8mb4 */;
CREATE TABLE `lessons` (
  `id` int NOT NULL AUTO_INCREMENT,
  `title` varchar(255) COLLATE utf8mb4_general_ci NOT NULL,
  `description` text COLLATE utf8mb4_general_ci,
  `content` json NOT NULL,
  `level` enum('A1','A2','B1','B2','C1','C2') COLLATE utf8mb4_general_ci NOT NULL,
  `goal` enum('Genel','Seyahat','İş','Akademik') COLLATE utf8mb4_general_ci DEFAULT NULL,
  `isPublished` tinyint(1) DEFAULT '0',
  `createdAt` datetime NOT NULL,
  `updatedAt` datetime NOT NULL,
  PRIMARY KEY (`id`)
) ENGINE=InnoDB AUTO_INCREMENT=8 DEFAULT CHARSET=utf8mb4 COLLATE=utf8mb4_general_ci;
/*!40101 SET character_set_client = @saved_cs_client */;

--
-- Dumping data for table `lessons`
--

LOCK TABLES `lessons` WRITE;
/*!40000 ALTER TABLE `lessons` DISABLE KEYS */;
INSERT INTO `lessons` VALUES (5,'A1 - Alfabe, Selamlaşma ve Tanışma','İngilizce alfabeyi öğren, temel selamlaşmaları ve tanışma ifadelerini kullanmaya başla.','\"A1 - Alfabe, Selamlaşma ve Tanışma\"','A1',NULL,1,'2025-05-26 10:07:03','2025-05-26 10:07:03'),(6,'A1 - Zamirler','İngilizce\'de zamirlerin (pronouns) tanımını, türlerini ve doğru kullanımını interaktif etkinliklerle öğrenin.','\"İngilizce\'de zamirlerin (pronouns) tanımını, türlerini ve doğru kullanımını interaktif etkinliklerle öğrenin.\"','A1',NULL,1,'2025-05-26 12:13:02','2025-05-26 12:13:02'),(7,'A1- Yiyecekler ve İçecekler','İngilizce yiyecekler ve içecekler hakkında kelime bilgisi öğrenin','\"İngilizce yiyecekler ve içecekler kelime bilgisi öğrenin\"','A1',NULL,1,'2025-05-26 12:47:19','2025-05-26 12:54:03');
/*!40000 ALTER TABLE `lessons` ENABLE KEYS */;
UNLOCK TABLES;

--
-- Table structure for table `quizquestions`
--

DROP TABLE IF EXISTS `quizquestions`;
/*!40101 SET @saved_cs_client     = @@character_set_client */;
/*!50503 SET character_set_client = utf8mb4 */;
CREATE TABLE `quizquestions` (
  `id` int NOT NULL AUTO_INCREMENT,
  `quizId` int NOT NULL,
  `questionText` varchar(255) COLLATE utf8mb4_general_ci NOT NULL,
  `options` json NOT NULL,
  `correctAnswer` varchar(255) COLLATE utf8mb4_general_ci NOT NULL,
  `createdAt` datetime NOT NULL,
  `updatedAt` datetime NOT NULL,
  `topic` varchar(255) COLLATE utf8mb4_general_ci DEFAULT NULL,
  PRIMARY KEY (`id`),
  KEY `quizId` (`quizId`),
  CONSTRAINT `quizquestions_ibfk_1` FOREIGN KEY (`quizId`) REFERENCES `quizzes` (`id`) ON DELETE CASCADE ON UPDATE CASCADE,
  CONSTRAINT `quizquestions_ibfk_2` FOREIGN KEY (`quizId`) REFERENCES `quizzes` (`id`) ON DELETE CASCADE ON UPDATE CASCADE,
  CONSTRAINT `quizquestions_ibfk_3` FOREIGN KEY (`quizId`) REFERENCES `quizzes` (`id`) ON DELETE CASCADE ON UPDATE CASCADE,
  CONSTRAINT `quizquestions_ibfk_4` FOREIGN KEY (`quizId`) REFERENCES `quizzes` (`id`) ON DELETE CASCADE ON UPDATE CASCADE,
  CONSTRAINT `quizquestions_ibfk_5` FOREIGN KEY (`quizId`) REFERENCES `quizzes` (`id`) ON DELETE CASCADE ON UPDATE CASCADE
) ENGINE=InnoDB AUTO_INCREMENT=34 DEFAULT CHARSET=utf8mb4 COLLATE=utf8mb4_general_ci;
/*!40101 SET character_set_client = @saved_cs_client */;

--
-- Dumping data for table `quizquestions`
--

LOCK TABLES `quizquestions` WRITE;
/*!40000 ALTER TABLE `quizquestions` DISABLE KEYS */;
INSERT INTO `quizquestions` VALUES (4,3,'Which letter comes after \"D\"?','[\"C\", \"E\", \"F\", \"G\"]','E','2025-05-26 13:27:30','2025-05-26 13:27:30','alphabet'),(5,3,'How do you say “Merhaba” in English?','[\"Goodbye\", \"Thanks\", \"Hello\", \"Please\"]','Hello','2025-05-26 13:27:59','2025-05-26 13:27:59','greetings'),(6,3,'What do you say when someone says “Nice to meet you”?','[\"I’m fine, thanks\", \"Me too\", \"Nice to meet you too\", \"See you\"]','Nice to meet you too','2025-05-26 13:28:27','2025-05-26 13:28:27','greetings'),(7,3,'What is the correct response to “How are you?”','[\"My name is Ayşe\", \"I’m fine, thank you\", \"I live in Ankara\", \"Yes, please\"]','I’m fine, thank you','2025-05-26 13:28:57','2025-05-26 13:28:57','greetings'),(8,3,'What does “Good evening” mean?','[\"Günaydın\", \"İyi akşamlar\", \"İyi geceler\", \"Merhaba\"]','İyi akşamlar','2025-05-26 13:29:25','2025-05-26 13:29:25','greetings'),(9,3,'Which of these is a vowel letter?','[\"M\", \"T\", \"A\", \"R\"]','A','2025-05-26 13:29:50','2025-05-26 13:29:50','alphabet'),(10,3,'What is the English of “Benim adım Ali”?','[\"I am Ali\", \"Ali is name me\", \"I have name Ali\", \"My name is Ali\"]','My name is Ali','2025-05-26 13:30:16','2025-05-26 13:30:16','introductions'),(11,3,'What is the correct order for this question: name / is / your / what?','[\"What your name is?\", \"What is your name?\", \"Is what your name?\", \"Your name what is?\"]','What is your name?','2025-05-26 13:30:39','2025-05-26 13:30:39','sentence_structure'),(12,3,'Which of these is a greeting?','[\"Goodbye\", \"Thanks\", \"Hello\", \"Sorry\"]','Hello','2025-05-26 13:31:04','2025-05-26 13:31:04','greetings'),(13,3,'How do you introduce yourself in English?','[\"I from Turkey\", \"I name is Ayşe\", \"I’m Ayşe\", \"Name Ayşe\"]','I’m Ayşe','2025-05-26 13:31:37','2025-05-26 13:31:37','introductions'),(14,4,'Which one is a subject pronoun?','[\"Him\", \"I\", \"Me\", \"His\"]','I','2025-05-26 13:34:15','2025-05-26 13:34:15','pronouns'),(15,4,'What is the object pronoun of “she”?','[\"Her\", \"Hers\", \"She\", \"Herself\"]','Her','2025-05-26 13:34:38','2025-05-26 13:34:38','pronouns'),(16,4,'“This is ___ book.” Which pronoun completes the sentence?','[\"me\", \"my\", \"mine\", \"I\"]','my','2025-05-26 13:34:58','2025-05-26 13:34:58','pronouns'),(17,4,'Which of the following is a possessive pronoun?','[\"them\", \"us\", \"yours\", \"her\"]','yours','2025-05-26 13:35:24','2025-05-26 13:35:24','pronouns'),(18,4,'“We” is used for:','[\"One person\", \"A group\", \"A place\", \"A thing\"]','A group','2025-05-26 13:35:54','2025-05-26 13:35:54','pronouns'),(19,4,'Which sentence uses “they” correctly?','[\"They is my friend.\", \"They are students.\", \"They am happy.\", \"They be nice.\"]','They are students.','2025-05-26 13:36:15','2025-05-26 13:36:15','pronouns'),(20,4,'Choose the reflexive pronoun:','[\"myself\", \"me\", \"I\", \"mine\"]','myself','2025-05-26 13:36:34','2025-05-26 13:36:34','pronouns'),(21,4,'“___ is my sister. Her name is Mary.”','[\"He\", \"She\", \"Her\", \"Hers\"]','She','2025-05-26 13:36:53','2025-05-26 13:36:53','pronouns'),(22,4,'What is the subject pronoun of “Tom and I”?','[\"We\", \"Us\", \"They\", \"He\"]','We','2025-05-26 13:37:12','2025-05-26 13:37:12','pronouns'),(23,4,'Which one is an object pronoun?','[\"Their\", \"Ours\", \"Them\", \"Yours\"]','Them','2025-05-26 13:37:35','2025-05-26 13:37:35','pronouns'),(24,5,'Which one is a fruit?','[\"Carrot\", \"Apple\", \"Bread\", \"Rice\"]','Apple','2025-05-26 13:39:27','2025-05-26 13:39:27','food'),(25,5,'What do you drink in the morning?','[\"Soup\", \"Coffee\", \"Rice\", \"Bread\"]','Coffee','2025-05-26 13:39:46','2025-05-26 13:39:46','food_and_drinks'),(26,5,'“Fish” is a type of:','[\"Vegetable\", \"Dessert\", \"Meat\", \"Drink\"]','Meat','2025-05-26 13:40:08','2025-05-26 13:40:08','food'),(27,5,'Which of these is a dairy product?','[\"Cheese\", \"Banana\", \"Chicken\", \"Juice\"]','Cheese','2025-05-26 13:40:27','2025-05-26 13:40:27','food'),(28,5,'What is the English of “Ekmek”?','[\"Egg\", \"Bread\", \"Meat\", \"Cake\"]','Bread','2025-05-26 13:40:48','2025-05-26 13:40:48','food'),(29,5,'What do you eat for dessert?','[\"Cake\", \"Fish\", \"Cheese\", \"Sandwich\"]','Cake','2025-05-26 13:41:08','2025-05-26 13:41:08','food'),(30,5,'Which one is a vegetable?','[\"Tomato\", \"Orange\", \"Yogurt\", \"Butter\"]','Tomato','2025-05-26 13:41:26','2025-05-26 13:41:26','food'),(31,5,'“Watermelon” is:','[\"A drink\", \"A vegetable\", \"A fruit\", \"A dessert\"]','A fruit','2025-05-26 13:41:49','2025-05-26 13:41:49','food'),(32,5,'Which one is cold and sweet?','[\"Ice cream\", \"Bread\", \"Cheese\", \"Egg\"]','Ice cream','2025-05-26 13:42:16','2025-05-26 13:42:16','food'),(33,5,'What is the English word for “Süt”?','[\"Salt\", \"Meat\", \"Milk\", \"Tea\"]','Milk','2025-05-26 13:42:38','2025-05-26 13:42:38','food');
/*!40000 ALTER TABLE `quizquestions` ENABLE KEYS */;
UNLOCK TABLES;

--
-- Table structure for table `quizzes`
--

DROP TABLE IF EXISTS `quizzes`;
/*!40101 SET @saved_cs_client     = @@character_set_client */;
/*!50503 SET character_set_client = utf8mb4 */;
CREATE TABLE `quizzes` (
  `id` int NOT NULL AUTO_INCREMENT,
  `lessonId` int NOT NULL,
  `title` varchar(255) COLLATE utf8mb4_general_ci NOT NULL,
  `createdAt` datetime NOT NULL,
  `updatedAt` datetime NOT NULL,
  `level` varchar(255) COLLATE utf8mb4_general_ci DEFAULT NULL,
  `goal` varchar(255) COLLATE utf8mb4_general_ci DEFAULT NULL,
  PRIMARY KEY (`id`),
  KEY `lessonId` (`lessonId`),
  CONSTRAINT `quizzes_ibfk_1` FOREIGN KEY (`lessonId`) REFERENCES `lessons` (`id`) ON DELETE CASCADE ON UPDATE CASCADE,
  CONSTRAINT `quizzes_ibfk_2` FOREIGN KEY (`lessonId`) REFERENCES `lessons` (`id`) ON DELETE CASCADE ON UPDATE CASCADE,
  CONSTRAINT `quizzes_ibfk_3` FOREIGN KEY (`lessonId`) REFERENCES `lessons` (`id`) ON DELETE CASCADE ON UPDATE CASCADE,
  CONSTRAINT `quizzes_ibfk_4` FOREIGN KEY (`lessonId`) REFERENCES `lessons` (`id`) ON DELETE CASCADE ON UPDATE CASCADE,
  CONSTRAINT `quizzes_ibfk_5` FOREIGN KEY (`lessonId`) REFERENCES `lessons` (`id`) ON DELETE CASCADE ON UPDATE CASCADE
) ENGINE=InnoDB AUTO_INCREMENT=6 DEFAULT CHARSET=utf8mb4 COLLATE=utf8mb4_general_ci;
/*!40101 SET character_set_client = @saved_cs_client */;

--
-- Dumping data for table `quizzes`
--

LOCK TABLES `quizzes` WRITE;
/*!40000 ALTER TABLE `quizzes` DISABLE KEYS */;
INSERT INTO `quizzes` VALUES (3,5,'A1 - Alfabe, Selamlaşma ve Tanışma Quiz','2025-05-26 13:25:56','2025-05-26 13:33:23',NULL,NULL),(4,6,'A1 - Zamirler Quiz','2025-05-26 13:33:12','2025-05-26 13:33:12',NULL,NULL),(5,7,'A1- Yiyecekler ve İçecekler Quiz','2025-05-26 13:38:12','2025-05-26 13:38:12',NULL,NULL);
/*!40000 ALTER TABLE `quizzes` ENABLE KEYS */;
UNLOCK TABLES;

--
-- Table structure for table `userbadges`
--

DROP TABLE IF EXISTS `userbadges`;
/*!40101 SET @saved_cs_client     = @@character_set_client */;
/*!50503 SET character_set_client = utf8mb4 */;
CREATE TABLE `userbadges` (
  `id` int NOT NULL AUTO_INCREMENT,
  `userId` int NOT NULL,
  `badgeId` int NOT NULL,
  `awardedAt` datetime NOT NULL,
  `createdAt` datetime NOT NULL,
  `updatedAt` datetime NOT NULL,
  PRIMARY KEY (`id`),
  KEY `userId` (`userId`),
  KEY `badgeId` (`badgeId`),
  CONSTRAINT `userbadges_ibfk_1` FOREIGN KEY (`userId`) REFERENCES `users` (`id`) ON DELETE CASCADE ON UPDATE CASCADE,
  CONSTRAINT `userbadges_ibfk_10` FOREIGN KEY (`badgeId`) REFERENCES `badges` (`id`) ON DELETE CASCADE ON UPDATE CASCADE,
  CONSTRAINT `userbadges_ibfk_2` FOREIGN KEY (`badgeId`) REFERENCES `badges` (`id`) ON DELETE CASCADE ON UPDATE CASCADE,
  CONSTRAINT `userbadges_ibfk_3` FOREIGN KEY (`userId`) REFERENCES `users` (`id`) ON DELETE CASCADE ON UPDATE CASCADE,
  CONSTRAINT `userbadges_ibfk_4` FOREIGN KEY (`badgeId`) REFERENCES `badges` (`id`) ON DELETE CASCADE ON UPDATE CASCADE,
  CONSTRAINT `userbadges_ibfk_5` FOREIGN KEY (`userId`) REFERENCES `users` (`id`) ON DELETE CASCADE ON UPDATE CASCADE,
  CONSTRAINT `userbadges_ibfk_6` FOREIGN KEY (`badgeId`) REFERENCES `badges` (`id`) ON DELETE CASCADE ON UPDATE CASCADE,
  CONSTRAINT `userbadges_ibfk_7` FOREIGN KEY (`userId`) REFERENCES `users` (`id`) ON DELETE CASCADE ON UPDATE CASCADE,
  CONSTRAINT `userbadges_ibfk_8` FOREIGN KEY (`badgeId`) REFERENCES `badges` (`id`) ON DELETE CASCADE ON UPDATE CASCADE,
  CONSTRAINT `userbadges_ibfk_9` FOREIGN KEY (`userId`) REFERENCES `users` (`id`) ON DELETE CASCADE ON UPDATE CASCADE
) ENGINE=InnoDB AUTO_INCREMENT=14 DEFAULT CHARSET=utf8mb4 COLLATE=utf8mb4_general_ci;
/*!40101 SET character_set_client = @saved_cs_client */;

--
-- Dumping data for table `userbadges`
--

LOCK TABLES `userbadges` WRITE;
/*!40000 ALTER TABLE `userbadges` DISABLE KEYS */;
INSERT INTO `userbadges` VALUES (5,1,4,'2025-05-11 15:21:07','2025-05-11 15:21:07','2025-05-11 15:21:07'),(6,1,2,'2025-05-20 17:22:02','2025-05-20 17:22:02','2025-05-20 17:22:02'),(7,1,3,'2025-05-20 17:22:02','2025-05-20 17:22:02','2025-05-20 17:22:02'),(8,2,4,'2025-05-25 07:37:28','2025-05-25 07:37:28','2025-05-25 07:37:28'),(9,3,4,'2025-05-26 05:21:34','2025-05-26 05:21:34','2025-05-26 05:21:34'),(10,1,1,'2025-05-26 11:57:04','2025-05-26 11:57:04','2025-05-26 11:57:04'),(11,6,6,'2025-05-27 07:29:45','2025-05-27 07:29:45','2025-05-27 07:29:45'),(12,6,7,'2025-05-27 07:29:45','2025-05-27 07:29:45','2025-05-27 07:29:45'),(13,2,3,'2025-05-27 08:16:30','2025-05-27 08:16:30','2025-05-27 08:16:30');
/*!40000 ALTER TABLE `userbadges` ENABLE KEYS */;
UNLOCK TABLES;

--
-- Table structure for table `userlessons`
--

DROP TABLE IF EXISTS `userlessons`;
/*!40101 SET @saved_cs_client     = @@character_set_client */;
/*!50503 SET character_set_client = utf8mb4 */;
CREATE TABLE `userlessons` (
  `id` int NOT NULL AUTO_INCREMENT,
  `userId` int NOT NULL,
  `lessonId` int NOT NULL,
  `progress` float DEFAULT '0',
  `isCompleted` tinyint(1) DEFAULT '0',
  `startedAt` datetime DEFAULT NULL,
  `completedAt` datetime DEFAULT NULL,
  `lastAccessedAt` datetime DEFAULT NULL,
  `createdAt` datetime NOT NULL,
  `updatedAt` datetime NOT NULL,
  PRIMARY KEY (`id`),
  KEY `userId` (`userId`),
  KEY `lessonId` (`lessonId`),
  CONSTRAINT `userlessons_ibfk_1` FOREIGN KEY (`userId`) REFERENCES `users` (`id`) ON DELETE CASCADE ON UPDATE CASCADE,
  CONSTRAINT `userlessons_ibfk_10` FOREIGN KEY (`lessonId`) REFERENCES `lessons` (`id`) ON DELETE CASCADE ON UPDATE CASCADE,
  CONSTRAINT `userlessons_ibfk_11` FOREIGN KEY (`userId`) REFERENCES `users` (`id`) ON DELETE CASCADE ON UPDATE CASCADE,
  CONSTRAINT `userlessons_ibfk_12` FOREIGN KEY (`lessonId`) REFERENCES `lessons` (`id`) ON DELETE CASCADE ON UPDATE CASCADE,
  CONSTRAINT `userlessons_ibfk_13` FOREIGN KEY (`userId`) REFERENCES `users` (`id`) ON DELETE CASCADE ON UPDATE CASCADE,
  CONSTRAINT `userlessons_ibfk_14` FOREIGN KEY (`lessonId`) REFERENCES `lessons` (`id`) ON DELETE CASCADE ON UPDATE CASCADE,
  CONSTRAINT `userlessons_ibfk_15` FOREIGN KEY (`userId`) REFERENCES `users` (`id`) ON DELETE CASCADE ON UPDATE CASCADE,
  CONSTRAINT `userlessons_ibfk_16` FOREIGN KEY (`lessonId`) REFERENCES `lessons` (`id`) ON DELETE CASCADE ON UPDATE CASCADE,
  CONSTRAINT `userlessons_ibfk_17` FOREIGN KEY (`userId`) REFERENCES `users` (`id`) ON DELETE CASCADE ON UPDATE CASCADE,
  CONSTRAINT `userlessons_ibfk_18` FOREIGN KEY (`lessonId`) REFERENCES `lessons` (`id`) ON DELETE CASCADE ON UPDATE CASCADE,
  CONSTRAINT `userlessons_ibfk_19` FOREIGN KEY (`userId`) REFERENCES `users` (`id`) ON DELETE CASCADE ON UPDATE CASCADE,
  CONSTRAINT `userlessons_ibfk_2` FOREIGN KEY (`lessonId`) REFERENCES `lessons` (`id`) ON DELETE CASCADE ON UPDATE CASCADE,
  CONSTRAINT `userlessons_ibfk_20` FOREIGN KEY (`lessonId`) REFERENCES `lessons` (`id`) ON DELETE CASCADE ON UPDATE CASCADE,
  CONSTRAINT `userlessons_ibfk_21` FOREIGN KEY (`userId`) REFERENCES `users` (`id`) ON DELETE CASCADE ON UPDATE CASCADE,
  CONSTRAINT `userlessons_ibfk_22` FOREIGN KEY (`lessonId`) REFERENCES `lessons` (`id`) ON DELETE CASCADE ON UPDATE CASCADE,
  CONSTRAINT `userlessons_ibfk_23` FOREIGN KEY (`userId`) REFERENCES `users` (`id`) ON DELETE CASCADE ON UPDATE CASCADE,
  CONSTRAINT `userlessons_ibfk_24` FOREIGN KEY (`lessonId`) REFERENCES `lessons` (`id`) ON DELETE CASCADE ON UPDATE CASCADE,
  CONSTRAINT `userlessons_ibfk_25` FOREIGN KEY (`userId`) REFERENCES `users` (`id`) ON DELETE CASCADE ON UPDATE CASCADE,
  CONSTRAINT `userlessons_ibfk_26` FOREIGN KEY (`lessonId`) REFERENCES `lessons` (`id`) ON DELETE CASCADE ON UPDATE CASCADE,
  CONSTRAINT `userlessons_ibfk_27` FOREIGN KEY (`userId`) REFERENCES `users` (`id`) ON DELETE CASCADE ON UPDATE CASCADE,
  CONSTRAINT `userlessons_ibfk_28` FOREIGN KEY (`lessonId`) REFERENCES `lessons` (`id`) ON DELETE CASCADE ON UPDATE CASCADE,
  CONSTRAINT `userlessons_ibfk_29` FOREIGN KEY (`userId`) REFERENCES `users` (`id`) ON DELETE CASCADE ON UPDATE CASCADE,
  CONSTRAINT `userlessons_ibfk_3` FOREIGN KEY (`userId`) REFERENCES `users` (`id`) ON DELETE CASCADE ON UPDATE CASCADE,
  CONSTRAINT `userlessons_ibfk_30` FOREIGN KEY (`lessonId`) REFERENCES `lessons` (`id`) ON DELETE CASCADE ON UPDATE CASCADE,
  CONSTRAINT `userlessons_ibfk_31` FOREIGN KEY (`userId`) REFERENCES `users` (`id`) ON DELETE CASCADE ON UPDATE CASCADE,
  CONSTRAINT `userlessons_ibfk_32` FOREIGN KEY (`lessonId`) REFERENCES `lessons` (`id`) ON DELETE CASCADE ON UPDATE CASCADE,
  CONSTRAINT `userlessons_ibfk_33` FOREIGN KEY (`userId`) REFERENCES `users` (`id`) ON DELETE CASCADE ON UPDATE CASCADE,
  CONSTRAINT `userlessons_ibfk_34` FOREIGN KEY (`lessonId`) REFERENCES `lessons` (`id`) ON DELETE CASCADE ON UPDATE CASCADE,
  CONSTRAINT `userlessons_ibfk_35` FOREIGN KEY (`userId`) REFERENCES `users` (`id`) ON DELETE CASCADE ON UPDATE CASCADE,
  CONSTRAINT `userlessons_ibfk_36` FOREIGN KEY (`lessonId`) REFERENCES `lessons` (`id`) ON DELETE CASCADE ON UPDATE CASCADE,
  CONSTRAINT `userlessons_ibfk_4` FOREIGN KEY (`lessonId`) REFERENCES `lessons` (`id`) ON DELETE CASCADE ON UPDATE CASCADE,
  CONSTRAINT `userlessons_ibfk_5` FOREIGN KEY (`userId`) REFERENCES `users` (`id`) ON DELETE CASCADE ON UPDATE CASCADE,
  CONSTRAINT `userlessons_ibfk_6` FOREIGN KEY (`lessonId`) REFERENCES `lessons` (`id`) ON DELETE CASCADE ON UPDATE CASCADE,
  CONSTRAINT `userlessons_ibfk_7` FOREIGN KEY (`userId`) REFERENCES `users` (`id`) ON DELETE CASCADE ON UPDATE CASCADE,
  CONSTRAINT `userlessons_ibfk_8` FOREIGN KEY (`lessonId`) REFERENCES `lessons` (`id`) ON DELETE CASCADE ON UPDATE CASCADE,
  CONSTRAINT `userlessons_ibfk_9` FOREIGN KEY (`userId`) REFERENCES `users` (`id`) ON DELETE CASCADE ON UPDATE CASCADE
) ENGINE=InnoDB AUTO_INCREMENT=13 DEFAULT CHARSET=utf8mb4 COLLATE=utf8mb4_general_ci;
/*!40101 SET character_set_client = @saved_cs_client */;

--
-- Dumping data for table `userlessons`
--

LOCK TABLES `userlessons` WRITE;
/*!40000 ALTER TABLE `userlessons` DISABLE KEYS */;
INSERT INTO `userlessons` VALUES (6,1,5,1,1,'2025-05-26 10:08:21','2025-05-26 11:57:04','2025-05-26 11:57:04','2025-05-26 10:08:21','2025-05-26 11:57:04'),(7,1,6,1,1,'2025-05-26 12:14:40','2025-05-27 03:43:07','2025-05-27 03:43:07','2025-05-26 12:14:40','2025-05-27 03:43:07'),(8,1,7,0,0,'2025-05-26 12:53:25',NULL,'2025-05-26 12:53:25','2025-05-26 12:53:25','2025-05-26 12:53:25'),(9,6,7,0,0,'2025-05-27 07:44:07',NULL,'2025-05-27 07:44:07','2025-05-27 07:44:07','2025-05-27 07:44:07'),(10,2,7,0,0,'2025-05-27 08:12:38',NULL,'2025-05-27 08:12:38','2025-05-27 08:12:38','2025-05-27 08:12:38'),(11,2,6,1,1,'2025-05-27 08:12:47','2025-05-27 08:16:30','2025-05-27 08:16:30','2025-05-27 08:12:47','2025-05-27 08:16:30'),(12,2,5,0,0,'2025-05-27 08:12:59',NULL,'2025-05-27 08:12:59','2025-05-27 08:12:59','2025-05-27 08:12:59');
/*!40000 ALTER TABLE `userlessons` ENABLE KEYS */;
UNLOCK TABLES;

--
-- Table structure for table `userpoints`
--

DROP TABLE IF EXISTS `userpoints`;
/*!40101 SET @saved_cs_client     = @@character_set_client */;
/*!50503 SET character_set_client = utf8mb4 */;
CREATE TABLE `userpoints` (
  `id` int NOT NULL AUTO_INCREMENT,
  `userId` int NOT NULL,
  `action` varchar(255) COLLATE utf8mb4_general_ci NOT NULL,
  `points` int NOT NULL,
  `totalPoints` int NOT NULL,
  `createdAt` datetime NOT NULL,
  `updatedAt` datetime NOT NULL,
  PRIMARY KEY (`id`),
  KEY `userId` (`userId`),
  CONSTRAINT `userpoints_ibfk_1` FOREIGN KEY (`userId`) REFERENCES `users` (`id`) ON DELETE CASCADE ON UPDATE CASCADE,
  CONSTRAINT `userpoints_ibfk_2` FOREIGN KEY (`userId`) REFERENCES `users` (`id`) ON DELETE CASCADE ON UPDATE CASCADE,
  CONSTRAINT `userpoints_ibfk_3` FOREIGN KEY (`userId`) REFERENCES `users` (`id`) ON DELETE CASCADE ON UPDATE CASCADE,
  CONSTRAINT `userpoints_ibfk_4` FOREIGN KEY (`userId`) REFERENCES `users` (`id`) ON DELETE CASCADE ON UPDATE CASCADE,
  CONSTRAINT `userpoints_ibfk_5` FOREIGN KEY (`userId`) REFERENCES `users` (`id`) ON DELETE CASCADE ON UPDATE CASCADE
) ENGINE=InnoDB AUTO_INCREMENT=90 DEFAULT CHARSET=utf8mb4 COLLATE=utf8mb4_general_ci;
/*!40101 SET character_set_client = @saved_cs_client */;

--
-- Dumping data for table `userpoints`
--

LOCK TABLES `userpoints` WRITE;
/*!40000 ALTER TABLE `userpoints` DISABLE KEYS */;
INSERT INTO `userpoints` VALUES (44,1,'quiz_completed',20,20,'2025-05-11 15:21:07','2025-05-11 15:21:07'),(45,1,'perfect_quiz',10,30,'2025-05-11 15:21:07','2025-05-11 15:21:07'),(46,1,'quiz_completed',20,40,'2025-05-20 17:11:25','2025-05-20 17:11:25'),(47,1,'perfect_quiz',10,50,'2025-05-20 17:11:25','2025-05-20 17:11:25'),(48,1,'quiz_completed',20,70,'2025-05-20 17:11:46','2025-05-20 17:11:46'),(49,1,'quiz_completed',20,90,'2025-05-20 17:21:13','2025-05-20 17:21:13'),(50,1,'quiz_completed',20,110,'2025-05-20 17:22:02','2025-05-20 17:22:02'),(51,1,'perfect_quiz',10,120,'2025-05-20 17:22:02','2025-05-20 17:22:02'),(52,1,'quiz_completed',20,130,'2025-05-20 17:28:31','2025-05-20 17:28:31'),(53,1,'quiz_completed',20,150,'2025-05-20 18:04:30','2025-05-20 18:04:30'),(54,1,'quiz_completed',20,170,'2025-05-20 18:37:09','2025-05-20 18:37:09'),(55,1,'quiz_completed',20,190,'2025-05-20 18:37:48','2025-05-20 18:37:48'),(56,1,'quiz_completed',20,210,'2025-05-20 18:38:41','2025-05-20 18:38:41'),(57,1,'quiz_completed',20,230,'2025-05-20 18:39:16','2025-05-20 18:39:16'),(58,1,'perfect_quiz',10,240,'2025-05-20 18:39:16','2025-05-20 18:39:16'),(59,1,'quiz_completed',20,250,'2025-05-20 18:42:10','2025-05-20 18:42:10'),(60,1,'quiz_completed',20,270,'2025-05-20 18:53:18','2025-05-20 18:53:18'),(61,1,'quiz_completed',20,290,'2025-05-20 18:53:25','2025-05-20 18:53:25'),(62,1,'quiz_completed',20,310,'2025-05-20 19:08:39','2025-05-20 19:08:39'),(63,1,'quiz_completed',20,330,'2025-05-20 19:16:49','2025-05-20 19:16:49'),(64,1,'quiz_completed',20,350,'2025-05-20 19:27:36','2025-05-20 19:27:36'),(65,1,'quiz_completed',20,370,'2025-05-20 20:30:49','2025-05-20 20:30:49'),(66,1,'quiz_completed',20,390,'2025-05-20 20:41:19','2025-05-20 20:41:19'),(67,1,'quiz_completed',20,410,'2025-05-20 20:41:27','2025-05-20 20:41:27'),(68,1,'quiz_completed',20,430,'2025-05-20 20:41:41','2025-05-20 20:41:41'),(69,1,'quiz_completed',20,450,'2025-05-20 20:42:13','2025-05-20 20:42:13'),(70,1,'quiz_completed',20,470,'2025-05-20 20:43:32','2025-05-20 20:43:32'),(71,1,'quiz_completed',20,490,'2025-05-20 20:44:12','2025-05-20 20:44:12'),(72,1,'quiz_completed',20,510,'2025-05-20 20:44:34','2025-05-20 20:44:34'),(73,1,'quiz_completed',20,530,'2025-05-25 06:24:08','2025-05-25 06:24:08'),(74,2,'quiz_completed',20,20,'2025-05-25 07:37:28','2025-05-25 07:37:28'),(75,2,'perfect_quiz',10,30,'2025-05-25 07:37:28','2025-05-25 07:37:28'),(76,1,'lesson_completed',15,545,'2025-05-26 04:24:43','2025-05-26 04:24:43'),(77,1,'lesson_completed',15,560,'2025-05-26 04:25:16','2025-05-26 04:25:16'),(78,1,'lesson_completed',15,575,'2025-05-26 04:26:32','2025-05-26 04:26:32'),(79,1,'lesson_completed',15,590,'2025-05-26 04:27:40','2025-05-26 04:27:40'),(80,3,'quiz_completed',20,20,'2025-05-26 05:21:34','2025-05-26 05:21:34'),(81,1,'lesson_completed',15,605,'2025-05-26 11:57:04','2025-05-26 11:57:04'),(82,1,'quiz_completed',20,625,'2025-05-26 13:31:57','2025-05-26 13:31:57'),(83,1,'lesson_completed',15,640,'2025-05-27 03:43:07','2025-05-27 03:43:07'),(84,1,'chatbot_feedback_used',5,645,'2025-05-27 07:18:06','2025-05-27 07:18:06'),(85,5,'chatbot_feedback_used',5,5,'2025-05-27 07:19:36','2025-05-27 07:19:36'),(86,5,'chatbot_feedback_used',5,10,'2025-05-27 07:21:12','2025-05-27 07:21:12'),(87,6,'chatbot_feedback_used',5,5,'2025-05-27 07:25:09','2025-05-27 07:25:09'),(88,6,'chatbot_feedback_used',5,10,'2025-05-27 07:29:45','2025-05-27 07:29:45'),(89,2,'lesson_completed',15,35,'2025-05-27 08:16:30','2025-05-27 08:16:30');
/*!40000 ALTER TABLE `userpoints` ENABLE KEYS */;
UNLOCK TABLES;

--
-- Table structure for table `userquizanswers`
--

DROP TABLE IF EXISTS `userquizanswers`;
/*!40101 SET @saved_cs_client     = @@character_set_client */;
/*!50503 SET character_set_client = utf8mb4 */;
CREATE TABLE `userquizanswers` (
  `id` int NOT NULL AUTO_INCREMENT,
  `userId` int NOT NULL,
  `quizId` int NOT NULL,
  `quizQuestionId` int NOT NULL,
  `userAnswer` varchar(255) COLLATE utf8mb4_general_ci NOT NULL,
  `isCorrect` tinyint(1) NOT NULL,
  `answeredAt` datetime NOT NULL,
  `createdAt` datetime NOT NULL,
  `updatedAt` datetime NOT NULL,
  PRIMARY KEY (`id`),
  KEY `userId` (`userId`),
  KEY `quizId` (`quizId`),
  KEY `quizQuestionId` (`quizQuestionId`),
  CONSTRAINT `userquizanswers_ibfk_1` FOREIGN KEY (`userId`) REFERENCES `users` (`id`) ON DELETE CASCADE ON UPDATE CASCADE,
  CONSTRAINT `userquizanswers_ibfk_10` FOREIGN KEY (`userId`) REFERENCES `users` (`id`) ON DELETE CASCADE ON UPDATE CASCADE,
  CONSTRAINT `userquizanswers_ibfk_11` FOREIGN KEY (`quizId`) REFERENCES `quizzes` (`id`) ON DELETE CASCADE ON UPDATE CASCADE,
  CONSTRAINT `userquizanswers_ibfk_12` FOREIGN KEY (`quizQuestionId`) REFERENCES `quizquestions` (`id`) ON DELETE CASCADE ON UPDATE CASCADE,
  CONSTRAINT `userquizanswers_ibfk_13` FOREIGN KEY (`userId`) REFERENCES `users` (`id`) ON DELETE CASCADE ON UPDATE CASCADE,
  CONSTRAINT `userquizanswers_ibfk_14` FOREIGN KEY (`quizId`) REFERENCES `quizzes` (`id`) ON DELETE CASCADE ON UPDATE CASCADE,
  CONSTRAINT `userquizanswers_ibfk_15` FOREIGN KEY (`quizQuestionId`) REFERENCES `quizquestions` (`id`) ON DELETE CASCADE ON UPDATE CASCADE,
  CONSTRAINT `userquizanswers_ibfk_2` FOREIGN KEY (`quizId`) REFERENCES `quizzes` (`id`) ON DELETE CASCADE ON UPDATE CASCADE,
  CONSTRAINT `userquizanswers_ibfk_3` FOREIGN KEY (`quizQuestionId`) REFERENCES `quizquestions` (`id`) ON DELETE CASCADE ON UPDATE CASCADE,
  CONSTRAINT `userquizanswers_ibfk_4` FOREIGN KEY (`userId`) REFERENCES `users` (`id`) ON DELETE CASCADE ON UPDATE CASCADE,
  CONSTRAINT `userquizanswers_ibfk_5` FOREIGN KEY (`quizId`) REFERENCES `quizzes` (`id`) ON DELETE CASCADE ON UPDATE CASCADE,
  CONSTRAINT `userquizanswers_ibfk_6` FOREIGN KEY (`quizQuestionId`) REFERENCES `quizquestions` (`id`) ON DELETE CASCADE ON UPDATE CASCADE,
  CONSTRAINT `userquizanswers_ibfk_7` FOREIGN KEY (`userId`) REFERENCES `users` (`id`) ON DELETE CASCADE ON UPDATE CASCADE,
  CONSTRAINT `userquizanswers_ibfk_8` FOREIGN KEY (`quizId`) REFERENCES `quizzes` (`id`) ON DELETE CASCADE ON UPDATE CASCADE,
  CONSTRAINT `userquizanswers_ibfk_9` FOREIGN KEY (`quizQuestionId`) REFERENCES `quizquestions` (`id`) ON DELETE CASCADE ON UPDATE CASCADE
) ENGINE=InnoDB AUTO_INCREMENT=99 DEFAULT CHARSET=utf8mb4 COLLATE=utf8mb4_general_ci;
/*!40101 SET character_set_client = @saved_cs_client */;

--
-- Dumping data for table `userquizanswers`
--

LOCK TABLES `userquizanswers` WRITE;
/*!40000 ALTER TABLE `userquizanswers` DISABLE KEYS */;
INSERT INTO `userquizanswers` VALUES (89,1,3,4,'C',0,'2025-05-26 13:31:57','2025-05-26 13:31:57','2025-05-26 13:31:57'),(90,1,3,5,'Hello',1,'2025-05-26 13:31:57','2025-05-26 13:31:57','2025-05-26 13:31:57'),(91,1,3,6,'Nice to meet you too',1,'2025-05-26 13:31:57','2025-05-26 13:31:57','2025-05-26 13:31:57'),(92,1,3,7,'I’m fine, thank you',1,'2025-05-26 13:31:57','2025-05-26 13:31:57','2025-05-26 13:31:57'),(93,1,3,8,'İyi geceler',0,'2025-05-26 13:31:57','2025-05-26 13:31:57','2025-05-26 13:31:57'),(94,1,3,9,'M',0,'2025-05-26 13:31:57','2025-05-26 13:31:57','2025-05-26 13:31:57'),(95,1,3,10,'My name is Ali',1,'2025-05-26 13:31:57','2025-05-26 13:31:57','2025-05-26 13:31:57'),(96,1,3,11,'What is your name?',1,'2025-05-26 13:31:57','2025-05-26 13:31:57','2025-05-26 13:31:57'),(97,1,3,12,'Hello',1,'2025-05-26 13:31:57','2025-05-26 13:31:57','2025-05-26 13:31:57'),(98,1,3,13,'I’m Ayşe',1,'2025-05-26 13:31:57','2025-05-26 13:31:57','2025-05-26 13:31:57');
/*!40000 ALTER TABLE `userquizanswers` ENABLE KEYS */;
UNLOCK TABLES;

--
-- Table structure for table `userquizresults`
--

DROP TABLE IF EXISTS `userquizresults`;
/*!40101 SET @saved_cs_client     = @@character_set_client */;
/*!50503 SET character_set_client = utf8mb4 */;
CREATE TABLE `userquizresults` (
  `id` int NOT NULL AUTO_INCREMENT,
  `userId` int NOT NULL,
  `quizId` int NOT NULL,
  `score` int NOT NULL,
  `totalQuestions` int NOT NULL,
  `percentage` float NOT NULL,
  `completedAt` datetime NOT NULL,
  `createdAt` datetime NOT NULL,
  `updatedAt` datetime NOT NULL,
  PRIMARY KEY (`id`),
  KEY `userId` (`userId`),
  KEY `quizId` (`quizId`),
  CONSTRAINT `userquizresults_ibfk_1` FOREIGN KEY (`userId`) REFERENCES `users` (`id`) ON DELETE CASCADE ON UPDATE CASCADE,
  CONSTRAINT `userquizresults_ibfk_10` FOREIGN KEY (`quizId`) REFERENCES `quizzes` (`id`) ON DELETE CASCADE ON UPDATE CASCADE,
  CONSTRAINT `userquizresults_ibfk_2` FOREIGN KEY (`quizId`) REFERENCES `quizzes` (`id`) ON DELETE CASCADE ON UPDATE CASCADE,
  CONSTRAINT `userquizresults_ibfk_3` FOREIGN KEY (`userId`) REFERENCES `users` (`id`) ON DELETE CASCADE ON UPDATE CASCADE,
  CONSTRAINT `userquizresults_ibfk_4` FOREIGN KEY (`quizId`) REFERENCES `quizzes` (`id`) ON DELETE CASCADE ON UPDATE CASCADE,
  CONSTRAINT `userquizresults_ibfk_5` FOREIGN KEY (`userId`) REFERENCES `users` (`id`) ON DELETE CASCADE ON UPDATE CASCADE,
  CONSTRAINT `userquizresults_ibfk_6` FOREIGN KEY (`quizId`) REFERENCES `quizzes` (`id`) ON DELETE CASCADE ON UPDATE CASCADE,
  CONSTRAINT `userquizresults_ibfk_7` FOREIGN KEY (`userId`) REFERENCES `users` (`id`) ON DELETE CASCADE ON UPDATE CASCADE,
  CONSTRAINT `userquizresults_ibfk_8` FOREIGN KEY (`quizId`) REFERENCES `quizzes` (`id`) ON DELETE CASCADE ON UPDATE CASCADE,
  CONSTRAINT `userquizresults_ibfk_9` FOREIGN KEY (`userId`) REFERENCES `users` (`id`) ON DELETE CASCADE ON UPDATE CASCADE
) ENGINE=InnoDB AUTO_INCREMENT=46 DEFAULT CHARSET=utf8mb4 COLLATE=utf8mb4_general_ci;
/*!40101 SET character_set_client = @saved_cs_client */;

--
-- Dumping data for table `userquizresults`
--

LOCK TABLES `userquizresults` WRITE;
/*!40000 ALTER TABLE `userquizresults` DISABLE KEYS */;
INSERT INTO `userquizresults` VALUES (45,1,3,7,10,70,'2025-05-26 13:31:57','2025-05-26 13:31:57','2025-05-26 13:31:57');
/*!40000 ALTER TABLE `userquizresults` ENABLE KEYS */;
UNLOCK TABLES;

--
-- Table structure for table `users`
--

DROP TABLE IF EXISTS `users`;
/*!40101 SET @saved_cs_client     = @@character_set_client */;
/*!50503 SET character_set_client = utf8mb4 */;
CREATE TABLE `users` (
  `id` int NOT NULL AUTO_INCREMENT,
  `email` varchar(255) COLLATE utf8mb4_general_ci NOT NULL,
  `password` varchar(255) COLLATE utf8mb4_general_ci NOT NULL,
  `createdAt` datetime NOT NULL,
  `updatedAt` datetime NOT NULL,
  `name` varchar(255) COLLATE utf8mb4_general_ci DEFAULT NULL,
  `level` varchar(255) COLLATE utf8mb4_general_ci DEFAULT NULL,
  `goal` varchar(255) COLLATE utf8mb4_general_ci DEFAULT NULL,
  `profileImageUrl` varchar(255) COLLATE utf8mb4_general_ci DEFAULT NULL,
  `isAdmin` tinyint(1) DEFAULT '0',
  PRIMARY KEY (`id`),
  UNIQUE KEY `email` (`email`),
  UNIQUE KEY `email_2` (`email`),
  UNIQUE KEY `email_3` (`email`),
  UNIQUE KEY `email_4` (`email`),
  UNIQUE KEY `email_5` (`email`),
  UNIQUE KEY `email_6` (`email`),
  UNIQUE KEY `email_7` (`email`),
  UNIQUE KEY `email_8` (`email`),
  UNIQUE KEY `email_9` (`email`),
  UNIQUE KEY `email_10` (`email`),
  UNIQUE KEY `email_11` (`email`),
  UNIQUE KEY `email_12` (`email`),
  UNIQUE KEY `email_13` (`email`),
  UNIQUE KEY `email_14` (`email`),
  UNIQUE KEY `email_15` (`email`),
  UNIQUE KEY `email_16` (`email`),
  UNIQUE KEY `email_17` (`email`),
  UNIQUE KEY `email_18` (`email`),
  UNIQUE KEY `email_19` (`email`),
  UNIQUE KEY `email_20` (`email`),
  UNIQUE KEY `email_21` (`email`),
  UNIQUE KEY `email_22` (`email`),
  UNIQUE KEY `email_23` (`email`),
  UNIQUE KEY `email_24` (`email`),
  UNIQUE KEY `email_25` (`email`),
  UNIQUE KEY `email_26` (`email`),
  UNIQUE KEY `email_27` (`email`),
  UNIQUE KEY `email_28` (`email`),
  UNIQUE KEY `email_29` (`email`),
  UNIQUE KEY `email_30` (`email`),
  UNIQUE KEY `email_31` (`email`),
  UNIQUE KEY `email_32` (`email`),
  UNIQUE KEY `email_33` (`email`),
  UNIQUE KEY `email_34` (`email`),
  UNIQUE KEY `email_35` (`email`),
  UNIQUE KEY `email_36` (`email`),
  UNIQUE KEY `email_37` (`email`),
  UNIQUE KEY `email_38` (`email`),
  UNIQUE KEY `email_39` (`email`),
  UNIQUE KEY `email_40` (`email`),
  UNIQUE KEY `email_41` (`email`),
  UNIQUE KEY `email_42` (`email`),
  UNIQUE KEY `email_43` (`email`),
  UNIQUE KEY `email_44` (`email`),
  UNIQUE KEY `email_45` (`email`),
  UNIQUE KEY `email_46` (`email`),
  UNIQUE KEY `email_47` (`email`),
  UNIQUE KEY `email_48` (`email`),
  UNIQUE KEY `email_49` (`email`),
  UNIQUE KEY `email_50` (`email`),
  UNIQUE KEY `email_51` (`email`),
  UNIQUE KEY `email_52` (`email`),
  UNIQUE KEY `email_53` (`email`),
  UNIQUE KEY `email_54` (`email`),
  UNIQUE KEY `email_55` (`email`),
  UNIQUE KEY `email_56` (`email`),
  UNIQUE KEY `email_57` (`email`),
  UNIQUE KEY `email_58` (`email`),
  UNIQUE KEY `email_59` (`email`),
  UNIQUE KEY `email_60` (`email`),
  UNIQUE KEY `email_61` (`email`),
  UNIQUE KEY `email_62` (`email`),
  UNIQUE KEY `email_63` (`email`)
) ENGINE=InnoDB AUTO_INCREMENT=10 DEFAULT CHARSET=utf8mb4 COLLATE=utf8mb4_general_ci;
/*!40101 SET character_set_client = @saved_cs_client */;

--
-- Dumping data for table `users`
--

LOCK TABLES `users` WRITE;
/*!40000 ALTER TABLE `users` DISABLE KEYS */;
INSERT INTO `users` VALUES (1,'test@example.com','$2b$10$8BUdFesEL7v4MqUslIksbOcee9nW5JFH.KMEvDzhS80EyHKqGuPSC','2025-05-05 00:10:36','2025-05-26 10:08:16','Oğuz','A1','Seyahat','https://i.imgur.com/ddyZyVQ.jpeg',1),(2,'test2@example.com','$2b$10$3rSn6EfsJG4sdSXDszctsOFQqerquC/7Q8h1ACUigV44er8Sddxuy','2025-05-25 07:36:45','2025-05-26 13:48:47',NULL,'A1','Seyahat',NULL,0),(3,'test3@example.com','$2b$10$EPbM5GUhEIPWRtYRRUjQTOCsLIS/naCEFh3jJRE2qJe4ODszLDxNK','2025-05-25 07:41:13','2025-05-25 07:42:09','Güngör','A2','İş',NULL,0),(4,'test4@example.com','$2b$10$G3XUMbB/wnm0xSvjNgBUeONijgjXWvWvPSvRUZFroo8t3hlgQtFny','2025-05-25 07:47:53','2025-05-25 07:47:53',NULL,NULL,NULL,NULL,0),(5,'test5@example.com','$2b$10$ysygHmk4OmOdMnfk2IR0su9Po6xc9XAArAIEbB1DE1gR5fg.TpFpO','2025-05-25 07:53:07','2025-05-25 07:54:07','Gönül','A2','Genel',NULL,0),(6,'test6@example.com','$2b$10$uqCbg3n11KzRdMjTyfdDOOy/pJoBoJaJetnqxICBNmndnczTh4Z9S','2025-05-25 08:14:52','2025-05-27 07:38:59','Yıldız','A1','Seyahat',NULL,0),(7,'test7@example.com','$2b$10$iD7/rZ39PqXcdq52slfv8.kVgtknj71N8QOog/L8r.sgxQmvi1.fy','2025-05-25 08:16:33','2025-05-25 08:16:33','Yusuf','A2','Seyahat',NULL,0),(8,'test8@example.com','$2b$10$MG0Igd2c74hIfUueTFTaLuyrpurWX01a0vQrccN0SeseWMfOjPrP6','2025-05-25 08:19:01','2025-05-25 08:19:01','Ali','A2','Genel',NULL,0),(9,'test9@example.com','$2b$10$uSHonh8a8ohgBpuAYLiANOsI85l4DW03mCNV.KJ14kyzItOcx9CGu','2025-05-25 08:20:08','2025-05-25 08:20:08','Veli','A2','Seyahat',NULL,0);
/*!40000 ALTER TABLE `users` ENABLE KEYS */;
UNLOCK TABLES;
/*!40103 SET TIME_ZONE=@OLD_TIME_ZONE */;

/*!40101 SET SQL_MODE=@OLD_SQL_MODE */;
/*!40014 SET FOREIGN_KEY_CHECKS=@OLD_FOREIGN_KEY_CHECKS */;
/*!40014 SET UNIQUE_CHECKS=@OLD_UNIQUE_CHECKS */;
/*!40101 SET CHARACTER_SET_CLIENT=@OLD_CHARACTER_SET_CLIENT */;
/*!40101 SET CHARACTER_SET_RESULTS=@OLD_CHARACTER_SET_RESULTS */;
/*!40101 SET COLLATION_CONNECTION=@OLD_COLLATION_CONNECTION */;
/*!40111 SET SQL_NOTES=@OLD_SQL_NOTES */;

-- Dump completed on 2025-05-27 11:23:41
